Date,Open,High,Low,Close,Volume,ret_1d,log_ret_1d,eq,cum_ret,ret_7d,ret_14d,ret_30d,log_ret_7d,log_ret_14d,log_ret_30d,roll_max,dd,vol_7d,vol_14d,vol_30d,up,down,MA7,MA25,MA99,RSI,MACD,MACD_signal,ADX,Volatility,returns
2025-03-27 00:00:00,0.8341,0.8348,0.8325,0.8341,0,-0.0002,-0.0002,0.9998,-0.0002,0.02,0.0232,0.0131,0.0198,0.023,0.013,0.9998,0.0,0.0045,0.0066,0.0052,0,0,0.8366571428571429,0.850404,0.8539646464646465,71.6158433496839,0.0023856867641263158,0.00046613541274486136,0.0,0.006049553846680517,
2025-03-28 00:00:00,0.8339,0.8367,0.8315,0.8339,0,-0.0002,-0.0002,0.9998,-0.0002,0.02,0.0232,0.0131,0.0198,0.023,0.013,0.9998,0.0,0.0045,0.0066,0.0052,0,1,0.8366571428571429,0.850404,0.8539646464646465,71.6158433496839,0.0023856867641263158,0.00046613541274486136,0.0,0.006049553846680517,-0.00023977940294928057
2025-03-30 23:00:00,0.8365,0.8374,0.8342,0.8365,0,0.0032,0.0032,1.0029,0.0029,0.02,0.0232,0.0131,0.0198,0.023,0.013,1.0029,0.0,0.0045,0.0066,0.0052,1,0,0.8366571428571429,0.850404,0.8539646464646465,71.6158433496839,0.0023856867641263158,0.00046613541274486136,0.0,0.006049553846680517,0.003117879841707749
2025-03-31 23:00:00,0.8373,0.8378,0.8352,0.8373,0,0.0008,0.0008,1.0038,0.0038,0.02,0.0232,0.0131,0.0198,0.023,0.013,1.0038,0.0,0.0045,0.0066,0.0052,1,0,0.8366571428571429,0.850404,0.8539646464646465,71.6158433496839,0.0023856867641263158,0.00046613541274486136,0.0,0.006049553846680517,0.0009563658099223105
2025-04-01 23:00:00,0.8353,0.8377,0.8336,0.8353,0,-0.0023,-0.0023,1.0015,0.0015,0.02,0.0232,0.0131,0.0198,0.023,0.013,1.0038,-0.0023,0.0045,0.0066,0.0052,0,1,0.8366571428571429,0.850404,0.8539646464646465,71.6158433496839,0.0023856867641263158,0.00046613541274486136,0.0,0.006049553846680517,-0.0023886301206258453
2025-04-02 23:00:00,0.8358,0.8446,0.8341,0.8358,0,0.0006,0.0006,1.002,0.002,0.02,0.0232,0.0131,0.0198,0.023,0.013,1.0038,-0.0017,0.0045,0.0066,0.0052,1,0,0.8366571428571429,0.850404,0.8539646464646465,71.6158433496839,0.0023856867641263158,0.00046613541274486136,0.0,0.006049553846680517,0.0005985873338918424
2025-04-03 23:00:00,0.8438,0.8522,0.8433,0.8437,0,0.0095,0.0094,1.0115,0.0115,0.02,0.0232,0.0131,0.0198,0.023,0.013,1.0115,0.0,0.0045,0.0066,0.0052,1,0,0.8366571428571429,0.850404,0.8539646464646465,71.6158433496839,0.0023856867641263158,0.00046613541274486136,0.0,0.006049553846680517,0.009452022014836192
2025-04-06 23:00:00,0.8508,0.8579,0.8487,0.8508,0,0.0084,0.0083,1.02,0.02,0.02,0.0232,0.0131,0.0198,0.023,0.013,1.02,0.0,0.0045,0.0066,0.0052,1,0,0.8390428571428571,0.850404,0.8539646464646465,71.6158433496839,0.0023856867641263158,0.00046613541274486136,0.0,0.006049553846680517,0.008415313500059307
2025-04-07 23:00:00,0.8572,0.8594,0.8532,0.8572,0,0.0075,0.0075,1.0276,0.0276,0.0279,0.0232,0.0131,0.0275,0.023,0.013,1.0276,0.0,0.0045,0.0066,0.0052,1,0,0.8423714285714284,0.850404,0.8539646464646465,71.6158433496839,0.0023856867641263158,0.00046613541274486136,0.0,0.006049553846680517,0.007522331922896086
2025-04-08 23:00:00,0.8585,0.8662,0.8582,0.8585,0,0.0016,0.0016,1.0293,0.0293,0.0262,0.0232,0.0131,0.0259,0.023,0.013,1.0293,0.0,0.0046,0.0066,0.0052,1,0,0.8455142857142857,0.850404,0.8539646464646465,71.6158433496839,0.0023856867641263158,0.00046613541274486136,0.0,0.006049553846680517,0.0015165655622959573
2025-04-09 23:00:00,0.8538,0.8653,0.8519,0.8538,0,-0.0055,-0.0055,1.0236,0.0236,0.0198,0.0232,0.0131,0.0196,0.023,0.013,1.0293,-0.0055,0.0057,0.0066,0.0052,0,1,0.8478714285714286,0.850404,0.8539646464646465,71.6158433496839,0.0023856867641263158,0.00046613541274486136,0.0,0.006049553846680517,-0.0054746651135701985
2025-04-10 23:00:00,0.8664,0.8737,0.8655,0.8664,0,0.0148,0.0147,1.0388,0.0388,0.0372,0.0232,0.0131,0.0366,0.023,0.013,1.0388,0.0,0.0068,0.0066,0.0052,1,0,0.8523142857142857,0.850404,0.8539646464646465,71.6158433496839,0.0023856867641263158,0.00046613541274486136,0.0,0.006049553846680517,0.014757554462403233
2025-04-13 23:00:00,0.8668,0.8692,0.8595,0.8668,0,0.0004,0.0004,1.0392,0.0392,0.0371,0.0232,0.0131,0.0364,0.023,0.013,1.0392,0.0,0.0068,0.0066,0.0052,1,0,0.856742857142857,0.850404,0.8539646464646465,71.6158433496839,0.0023856867641263158,0.00046613541274486136,0.0,0.006049553846680517,0.00046168051708228575
2025-04-14 23:00:00,0.8607,0.8605,0.8536,0.8607,0,-0.007,-0.0071,1.0319,0.0319,0.0201,0.0232,0.0131,0.0199,0.023,0.013,1.0392,-0.007,0.0078,0.0066,0.0052,0,1,0.8591714285714286,0.850404,0.8539646464646465,71.6158433496839,0.0023856867641263158,0.00046613541274486136,0.0,0.006049553846680517,-0.007037378864790056
2025-04-15 23:00:00,0.8535,0.8594,0.8534,0.8535,0,-0.0084,-0.0084,1.0232,0.0232,0.0032,0.0232,0.0131,0.0032,0.023,0.013,1.0392,-0.0154,0.0084,0.0066,0.0052,0,1,0.8595571428571429,0.850404,0.8539646464646465,59.65039702127618,0.0023856867641263158,0.00046613541274486136,0.0,0.006049553846680517,-0.008365284071104928
2025-04-16 23:00:00,0.8611,0.8613,0.8568,0.8611,0,0.0089,0.0089,1.0324,0.0324,0.0046,0.0326,0.0131,0.0046,0.0321,0.013,1.0392,-0.0066,0.0086,0.0068,0.0052,1,0,0.8601142857142857,0.850404,0.8539646464646465,66.09067628989038,0.0023856867641263158,0.00046613541274486136,0.0,0.006049553846680517,0.008904510837727031
2025-04-21 23:00:00,0.8604,0.8608,0.8563,0.8604,0,-0.0008,-0.0008,1.0315,0.0315,0.0022,0.0285,0.0131,0.0022,0.0281,0.013,1.0392,-0.0074,0.0086,0.0069,0.0052,0,1,0.8603857142857143,0.850404,0.8539646464646465,65.06063913496499,0.0023856867641263158,0.00046613541274486136,0.0,0.006049553846680517,-0.000812913715015573
2025-04-22 23:00:00,0.8552,0.8583,0.8532,0.8552,0,-0.0061,-0.0061,1.0253,0.0253,0.0016,0.0214,0.0131,0.0016,0.0212,0.013,1.0392,-0.0134,0.0087,0.0072,0.0052,0,1,0.8605857142857143,0.850404,0.8539646464646465,57.84804686551981,0.0023856867641263158,0.00046613541274486136,0.0,0.006049553846680517,-0.006043700604370206
2025-04-23 23:00:00,0.8539,0.8565,0.8531,0.8539,0,-0.0015,-0.0015,1.0238,0.0238,-0.0145,0.0222,0.0131,-0.0146,0.022,0.013,1.0392,-0.0149,0.0059,0.0072,0.0052,0,1,0.8587999999999999,0.850404,0.8539646464646465,56.171507226614004,0.0023856867641263158,0.00046613541274486136,0.0,0.006049553846680517,-0.0015201122544433732
2025-04-24 23:00:00,0.8533,0.8547,0.8512,0.8533,0,-0.0008,-0.0008,1.023,0.023,-0.0156,0.0209,0.0131,-0.0158,0.0207,0.013,1.0392,-0.0156,0.0059,0.0072,0.0052,0,1,0.8568714285714287,0.850404,0.8539646464646465,55.37383891389621,0.0023856867641263158,0.00046613541274486136,0.0,0.006049553846680517,-0.0007026583909123252
2025-04-27 23:00:00,0.8535,0.8544,0.8494,0.8535,0,0.0002,0.0002,1.0232,0.0232,-0.0084,0.0116,0.0131,-0.0084,0.0115,0.013,1.0392,-0.0154,0.0055,0.0068,0.0052,1,0,0.8558428571428571,0.850404,0.8539646464646465,55.600173521313714,0.0023856867641263158,0.00046613541274486136,0.0,0.006049553846680517,0.000234384155631151
2025-04-28 23:00:00,0.8491,0.8511,0.8487,0.8491,0,-0.0052,-0.0052,1.0179,0.0179,-0.0052,-0.002,0.0131,-0.0052,-0.002,0.013,1.0392,-0.0205,0.0049,0.0066,0.0052,0,1,0.8552142857142856,0.850404,0.8539646464646465,49.63581235591937,0.0023856867641263158,0.00046613541274486136,0.0,0.006207527299643391,-0.005155243116578889
2025-04-29 23:00:00,0.8492,0.8537,0.8481,0.8492,0,0.0002,0.0002,1.0181,0.0181,-0.0138,-0.0093,0.0131,-0.0139,-0.0093,0.013,1.0392,-0.0203,0.0026,0.0063,0.0052,1,0,0.8535142857142857,0.850404,0.8539646464646465,49.76769962048657,0.0023856867641263158,0.00046613541274486136,0.0,0.006187884399865558,0.0001177717583322746
2025-04-30 23:00:00,0.8499,0.851,0.848,0.8499,0,0.0008,0.0008,1.0189,0.0189,-0.0122,-0.01,0.0131,-0.0123,-0.0101,0.013,1.0392,-0.0195,0.0028,0.0063,0.0052,1,0,0.8520142857142857,0.850404,0.8539646464646465,50.7401266934475,0.0023856867641263158,0.00046613541274486136,0.0,0.00618774757276671,0.0008243052284504504
2025-05-01 23:00:00,0.8502,0.854,0.849,0.8502,0,0.0004,0.0004,1.0193,0.0193,-0.0058,-0.0042,0.0131,-0.0058,-0.0042,0.013,1.0392,-0.0192,0.0021,0.0061,0.0052,1,0,0.8513,0.850404,0.8539646464646465,51.17635323620755,0.0023856867641263158,0.00046613541274486136,0.0,0.006144417732553101,0.0003529827038475375
2025-05-04 23:00:00,0.8531,0.8532,0.8513,0.8531,0,0.0034,0.0034,1.0228,0.0228,-0.001,-0.0154,0.0131,-0.001,-0.0155,0.013,1.0392,-0.0158,0.0026,0.0045,0.0052,1,0,0.8511857142857143,0.851164,0.8539646464646465,55.297447471402855,0.0023856867641263158,0.00046613541274486136,0.0,0.006169232540786894,0.003410962126558559
2025-05-05 23:00:00,0.8511,0.8519,0.8462,0.8511,0,-0.0024,-0.0024,1.0203,0.0203,-0.0026,-0.0182,0.0131,-0.0026,-0.0183,0.013,1.0392,-0.0182,0.0027,0.0045,0.0052,0,1,0.8508714285714286,0.851852,0.8539646464646465,52.03534605473398,0.0021112166272524435,0.00046613541274486136,0.0,0.005880083770769372,-0.002344391044426186
2025-05-06 23:00:00,0.8492,0.8522,0.8487,0.8492,0,-0.0022,-0.0022,1.0181,0.0181,-0.005,-0.0134,0.0131,-0.005,-0.0135,0.013,1.0392,-0.0203,0.0028,0.0042,0.0052,0,1,0.8502571428571428,0.85236,0.8539646464646465,49.07359509405633,0.0017205495214138722,0.00046613541274486136,22.594044996684463,0.005596421473325906,-0.0022324051227823327
2025-05-07 23:00:00,0.8505,0.8511,0.8462,0.8505,0,0.0015,0.0015,1.0196,0.0196,0.0017,-0.0035,0.0131,0.0017,-0.0035,0.013,1.0392,-0.0188,0.002,0.0036,0.0052,1,0,0.8504571428571428,0.8528880000000001,0.8539646464646465,51.12345882055979,0.0014985676063390407,0.00046613541274486136,21.167620805916606,0.0053217122438619854,0.001530852567122043
2025-05-08 23:00:00,0.848,0.8492,0.8464,0.848,0,-0.0029,-0.0029,1.0167,0.0167,-0.0014,-0.0152,0.0131,-0.0014,-0.0153,0.013,1.0392,-0.0217,0.0024,0.0025,0.0052,0,1,0.8502857142857143,0.853396,0.8539646464646465,47.18967660525859,0.0011081422585587086,0.00046613541274486136,19.843084057346452,0.005331450764811612,-0.0029394473838918467
2025-05-11 23:00:00,0.845,0.8457,0.8411,0.845,0,-0.0035,-0.0035,1.0131,0.0131,-0.0057,-0.0179,0.0131,-0.0057,-0.018,0.013,1.0392,-0.0251,0.0026,0.0026,0.0052,0,1,0.8495857142857144,0.8537640000000001,0.8539646464646465,42.92160258978025,0.0005503088121944222,0.00046613541274486136,19.280063147524142,0.005255321888057233,-0.003537735849056589
2025-05-12 23:00:00,0.8419,0.8426,0.8402,0.8419,0,-0.0036,-0.0037,1.0094,0.0094,-0.0097,-0.0155,0.0096,-0.0098,-0.0156,0.0096,1.0392,-0.0287,0.0027,0.0023,0.0053,0,1,0.8484,0.8536919999999999,0.8539646464646465,38.99662578503057,-0.00014030495703332146,0.00046613541274486136,18.916556012766314,0.0038719194749680763,-0.00366863905325443
2025-05-13 23:00:00,0.8407,0.8435,0.8403,0.8407,0,-0.0015,-0.0015,1.0079,0.0079,-0.0145,-0.0155,0.005,-0.0146,-0.0156,0.0049,1.0392,-0.0301,0.0018,0.0023,0.0053,0,1,0.8466285714285714,0.853288,0.8539646464646465,37.56462117994631,-0.0007755116997955058,0.00046613541274486136,18.362412053086654,0.003846403671176646,-0.001425347428435697
2025-05-14 23:00:00,0.843,0.844,0.8413,0.843,0,0.0027,0.0027,1.0107,0.0107,-0.0094,-0.012,0.0069,-0.0095,-0.0121,0.0068,1.0392,-0.0274,0.0025,0.0026,0.0053,1,0,0.8454714285714287,0.85272,0.8539646464646465,41.963574120039496,-0.0010808672766058347,0.00046613541274486136,17.72367338514401,0.003727604027873514,0.002735815391935237
2025-05-15 23:00:00,0.8412,0.8432,0.8402,0.8412,0,-0.0022,-0.0022,1.0085,0.0085,-0.0094,-0.0144,0.007,-0.0095,-0.0145,0.007,1.0392,-0.0296,0.0025,0.0026,0.0053,0,1,0.8443285714285714,0.852028,0.8539646464646465,39.611406942336025,-0.0014513781441739537,8.263270136109834e-05,17.361730460310376,0.003320610920905163,-0.002135231316725994
2025-05-18 23:00:00,0.8408,0.8425,0.8399,0.8408,0,-0.0005,-0.0005,1.008,0.008,-0.0114,-0.0098,0.0059,-0.0115,-0.0098,0.0059,1.0392,-0.03,0.0022,0.0023,0.0053,0,1,0.8429428571428571,0.8515079999999999,0.8539646464646465,39.08708126563005,-0.0017570333464660415,-0.00028530050820432963,17.090431294748893,0.0024336041339309286,-0.0004755111745124996
2025-05-19 23:00:00,0.8407,0.8429,0.8404,0.8407,0,-0.0,-0.0,1.0079,0.0079,-0.0086,-0.01,-0.0035,-0.0086,-0.01,-0.0035,1.0392,-0.0301,0.0022,0.0023,0.005,0,1,0.8419,0.85048,0.8539646464646465,38.94827987032171,-0.0019844608314929513,-0.000625132572862054,16.719327205882607,0.0024441778983451405,-0.00011893434823972981
2025-05-20 23:00:00,0.8425,0.8459,0.8422,0.8425,0,0.0021,0.0021,1.0101,0.0101,-0.0029,-0.0087,-0.0097,-0.003,-0.0087,-0.0097,1.0392,-0.028,0.0023,0.0024,0.0047,1,0,0.841542857142857,0.8495079999999998,0.8539646464646465,42.880198047375,-0.0019964400766679935,-0.000899394073623242,15.526858261996681,0.0022608215495618345,0.0021410729154276442
2025-05-21 23:00:00,0.8444,0.8448,0.84,0.8444,0,0.0022,0.0022,1.0123,0.0123,0.0029,-0.0069,-0.0149,0.0029,-0.0069,-0.015,1.0392,-0.0259,0.002,0.0025,0.0045,1,0,0.8419,0.8488559999999999,0.8539646464646465,46.776693700925456,-0.0018315071197347876,-0.0010858166828455512,14.971589438652574,0.0023486335834287738,0.002255192878338308
2025-05-22 23:00:00,0.8406,0.8416,0.8382,0.8406,0,-0.0044,-0.0044,1.0078,0.0078,-0.0001,-0.0146,-0.0208,-0.0001,-0.0147,-0.021,1.0392,-0.0302,0.0026,0.0024,0.0046,0,1,0.8418857142857142,0.84834,0.8539646464646465,40.784361883103124,-0.001984548169206235,-0.001265562980117688,14.876161901462789,0.0025090918391772396,-0.004500236854571349
2025-05-25 23:00:00,0.8401,0.8408,0.8387,0.8401,0,-0.0006,-0.0006,1.0072,0.0072,-0.0034,-0.0128,-0.016,-0.0034,-0.0129,-0.0162,1.0392,-0.0308,0.0023,0.0024,0.0045,0,1,0.8414714285714285,0.8475,0.8539646464646465,40.05722153171503,-0.0021217222316786133,-0.001436794830429873,14.787550616929417,0.0024988608986175553,-0.0005948132286462959
2025-05-26 23:00:00,0.8395,0.8398,0.8373,0.8395,0,-0.0008,-0.0008,1.0064,0.0064,-0.002,-0.0114,-0.0311,-0.002,-0.0115,-0.0316,1.0392,-0.0315,0.0022,0.0023,0.0034,0,1,0.8412285714285714,0.8466640000000001,0.8539646464646465,39.155071995225825,-0.0022528788648785714,-0.0016000116373196126,15.040815358708555,0.0022779012524111655,-0.0007142006903939624
2025-05-27 23:00:00,0.8389,0.8401,0.8382,0.8389,0,-0.0007,-0.0007,1.0057,0.0057,-0.0022,-0.0136,-0.0322,-0.0022,-0.0137,-0.0327,1.0392,-0.0322,0.0022,0.0022,0.0034,0,1,0.8409571428571428,0.8460120000000001,0.8539646464646465,38.22789473243224,-0.0023778263254782273,-0.0017555745749513354,15.17120806870206,0.002272350274837908,-0.0007147111375819248
2025-05-28 23:00:00,0.8363,0.8429,0.8362,0.8363,0,-0.0031,-0.0031,1.0027,0.0027,-0.0052,-0.0138,-0.0283,-0.0053,-0.0139,-0.0287,1.0392,-0.0352,0.0024,0.0023,0.0032,0,1,0.8403285714285714,0.845308,0.8539646464646465,34.42388665789693,-0.002656029306569385,-0.0019356655212749456,14.367396755761524,0.0023112656195089913,-0.0030992966980568637
2025-05-29 23:00:00,0.8427,0.843,0.8404,0.8427,0,0.0076,0.0076,1.0103,0.0103,0.0002,-0.0027,-0.0126,0.0002,-0.0027,-0.0127,1.0392,-0.0278,0.0039,0.0031,0.0033,1,0,0.8403571428571429,0.844884,0.8539646464646465,48.11139390907618,-0.0023331851543579862,-0.002015169447891554,13.589503414030816,0.0029824614071295038,0.007652756187970677
2025-06-01 23:00:00,0.8429,0.8447,0.8418,0.8429,0,0.0002,0.0002,1.0105,0.0105,-0.0018,0.0011,-0.0212,-0.0018,0.0011,-0.0214,1.0392,-0.0276,0.0038,0.0029,0.0028,1,0,0.8401428571428571,0.84446,0.8539646464646465,48.47334123817748,-0.002037701158701166,-0.0020196757900534765,12.903276875659413,0.0028482671625580584,0.00023733238400369672
2025-06-02 23:00:00,0.8448,0.8449,0.841,0.8448,0,0.0023,0.0023,1.0128,0.0128,0.0049,0.0048,-0.0182,0.0049,0.0048,-0.0183,1.0392,-0.0254,0.0034,0.003,0.0028,1,0,0.8407428571428571,0.8442880000000001,0.8539646464646465,51.90557159568814,-0.0016314079865060727,-0.001942022229343996,12.004293656401618,0.002885186508024619,0.002254122671728531
2025-06-03 23:00:00,0.8413,0.8429,0.8406,0.8413,0,-0.0041,-0.0041,1.0086,0.0086,0.0014,-0.0021,-0.0162,0.0014,-0.0021,-0.0164,1.0392,-0.0294,0.0039,0.0031,0.0027,0,1,0.8409142857142857,0.8439719999999999,0.8539646464646465,45.84719404681487,-0.0015736978602962637,-0.0018683573555344495,11.257618742377247,0.0029802490053095574,-0.00414299242424232
2025-06-04 23:00:00,0.8428,0.8447,0.841,0.8428,0,0.0018,0.0018,1.0104,0.0104,0.0039,0.0019,-0.013,0.0039,0.0019,-0.0131,1.0392,-0.0277,0.0039,0.0031,0.0027,1,0,0.8413857142857142,0.8436879999999999,0.8539646464646465,48.61530828890148,-0.001390891375541492,-0.0017728641595358581,10.943220044988394,0.0029896442768907877,0.0017829549506716003
2025-06-05 23:00:00,0.8433,0.8443,0.8417,0.8433,0,0.0006,0.0006,1.011,0.011,0.0052,0.003,-0.0117,0.0052,0.003,-0.0118,1.0392,-0.0271,0.0039,0.0031,0.0028,1,0,0.8420142857142857,0.843412,0.8539646464646465,49.54120669007628,-0.001191930267821495,-0.0016566773811929857,10.651278397413028,0.0029387725816073214,0.0005932605600380558
2025-06-08 23:00:00,0.8425,0.8426,0.8413,0.8425,0,-0.0009,-0.0009,1.0101,0.0101,0.0074,0.0022,-0.0128,0.0074,0.0022,-0.0129,1.0392,-0.028,0.0036,0.0031,0.0028,0,1,0.8429000000000001,0.842988,0.8539646464646465,48.04936780521777,-0.0010862834709716163,-0.0015425985991487118,10.220744784458791,0.0028428864406694902,-0.0009486540969999568
2025-06-09 23:00:00,0.8429,0.8468,0.8417,0.8429,0,0.0004,0.0004,1.0106,0.0106,0.0002,0.0004,-0.0073,0.0002,0.0004,-0.0073,1.0392,-0.0276,0.0021,0.003,0.0026,1,0,0.8429285714285715,0.84266,0.8539646464646465,48.878293069171704,-0.0009592236333147985,-0.0014259236059819293,11.122722133379595,0.002720893662770647,0.00047477744807111755
2025-06-10 23:00:00,0.8467,0.8488,0.8463,0.8467,0,0.0045,0.0045,1.0151,0.0151,0.0045,0.0027,-0.003,0.0045,0.0027,-0.003,1.0392,-0.0232,0.0027,0.0032,0.0027,1,0,0.8434714285714285,0.84256,0.8539646464646465,56.05240206509041,-0.0005456101008677328,-0.00124986090495909,12.452087854645379,0.0028695149502335256,0.004508245343457062
2025-06-11 23:00:00,0.8482,0.8543,0.8476,0.8482,0,0.0018,0.0018,1.0169,0.0169,0.004,0.0089,-0.002,0.004,0.0089,-0.002,1.0392,-0.0215,0.0027,0.003,0.0028,1,0,0.8439571428571429,0.8424679999999999,0.8539646464646465,58.526547153755075,-9.567801589238645e-05,-0.0010190243271457494,14.735726145547956,0.002835386496456353,0.0017715837959135783
2025-06-12 23:00:00,0.8512,0.853,0.8493,0.8512,0,0.0036,0.0036,1.0205,0.0205,0.0118,0.0132,0.0012,0.0118,0.0131,0.0012,1.0392,-0.018,0.0019,0.003,0.0028,1,0,0.8453714285714286,0.8425959999999999,0.8539646464646465,63.0116246956177,0.0004972394639704003,-0.0007157715689225195,16.856247415671778,0.0028613471648555595,0.0035369016741335635
2025-06-15 23:00:00,0.851,0.8531,0.8505,0.851,0,-0.0003,-0.0003,1.0203,0.0203,0.0098,0.0137,-0.0024,0.0097,0.0136,-0.0025,1.0392,-0.0182,0.002,0.003,0.0028,0,1,0.8465428571428573,0.842836,0.8539646464646465,62.52616300397061,0.0009401549884899829,-0.00038458625744001903,18.842725550980532,0.002857113212328656,-0.00023496240601506013
2025-06-16 23:00:00,0.8515,0.8538,0.8511,0.8515,0,0.0005,0.0005,1.0208,0.0208,0.0097,0.015,0.0005,0.0096,0.0149,0.0005,1.0392,-0.0177,0.002,0.003,0.0027,1,0,0.8477142857142858,0.8432200000000001,0.8539646464646465,63.28766489851688,0.0013163405989998767,-4.4400886152039926e-05,20.813888332333388,0.0028520288898827694,0.000587544065804968
2025-06-17 23:00:00,0.8549,0.8559,0.8541,0.8549,0,0.004,0.004,1.0249,0.0249,0.0146,0.0222,0.0067,0.0145,0.0219,0.0067,1.0392,-0.0138,0.0019,0.0028,0.0028,1,0,0.8494857142857143,0.843788,0.8539646464646465,68.04320299203962,0.001867296953684261,0.00033793868181522025,23.00297894041437,0.002932184527530356,0.003992953611274164
2025-06-18 23:00:00,0.8554,0.8559,0.8533,0.8554,0,0.0006,0.0006,1.0256,0.0256,0.0149,0.0151,0.0058,0.0147,0.015,0.0058,1.0392,-0.0131,0.0019,0.0022,0.0028,1,0,0.8512714285714286,0.8442839999999999,0.8539646464646465,68.68560581519459,0.0023175642178536737,0.000733863789022911,24.63495287559703,0.0029103092259629435,0.0005848637267518164
2025-06-19 23:00:00,0.8541,0.8557,0.8525,0.8541,0,-0.0016,-0.0016,1.024,0.024,0.0088,0.0133,0.0072,0.0087,0.0132,0.0072,1.0392,-0.0147,0.002,0.0023,0.0027,0,1,0.8523285714285714,0.8447999999999999,0.8539646464646465,65.02556153623927,0.002540223023480781,0.001095135635914485,25.75070690267538,0.0027014485678060318,-0.001519756838905817
2025-06-22 23:00:00,0.8559,0.8574,0.8546,0.8559,0,0.0021,0.0021,1.0261,0.0261,0.0091,0.0132,0.0129,0.0091,0.0131,0.0128,1.0392,-0.0126,0.0021,0.0023,0.0027,1,0,0.8534285714285714,0.845404,0.8539646464646465,67.59998318114293,0.0028293121387330533,0.0014419709364781987,27.13116843353242,0.002695565656265122,0.0021074815595363283
2025-06-23 23:00:00,0.8562,0.8564,0.852,0.8562,0,0.0004,0.0004,1.0265,0.0265,0.0058,0.0177,0.0169,0.0058,0.0176,0.0168,1.0392,-0.0122,0.0018,0.0018,0.0026,1,0,0.854142857142857,0.846024,0.8539646464646465,68.0224643467055,0.003047495210355411,0.0017630757912536412,27.197182582351765,0.0026716780749843614,0.000350508236943492
2025-06-24 23:00:00,0.8529,0.8536,0.8513,0.8529,0,-0.0039,-0.0039,1.0225,0.0225,0.0022,0.012,0.0145,0.0022,0.0119,0.0144,1.0392,-0.0161,0.0025,0.0023,0.0027,0,1,0.8544142857142857,0.8464400000000001,0.8539646464646465,58.92103045348394,0.0029204592099415505,0.001994552474991223,26.95755713993186,0.0028624549697422864,-0.003854239663629966
2025-06-25 23:00:00,0.8533,0.8539,0.8517,0.8533,0,0.0005,0.0005,1.023,0.023,0.0022,0.0119,0.0122,0.0022,0.0118,0.0121,1.0392,-0.0156,0.0025,0.0023,0.0026,1,0,0.8546714285714285,0.8467960000000001,0.8539646464646465,59.626190857325675,0.0028195568254584247,0.0021595533450846634,26.81641241352472,0.0027117776141112274,0.0004689881580488553
2025-06-26 23:00:00,0.8518,0.8551,0.8508,0.8518,0,-0.0018,-0.0018,1.0212,0.0212,-0.0036,0.011,0.0126,-0.0036,0.0109,0.0126,1.0392,-0.0173,0.002,0.0023,0.0026,0,1,0.8542285714285713,0.847244,0.8539646464646465,55.76063428722792,0.0025887124293481056,0.002245385161937352,27.00970236660214,0.00228071345095197,-0.0017578811672330774
2025-06-29 23:00:00,0.8547,0.8581,0.8534,0.8547,0,0.0034,0.0034,1.0247,0.0247,-0.0008,0.014,0.0166,-0.0008,0.0139,0.0165,1.0392,-0.0139,0.0025,0.0024,0.0027,1,0,0.8541285714285713,0.8478279999999999,0.8539646464646465,61.02186605020755,0.0026096894702377638,0.0023182460235974343,27.89462121053241,0.0023669448789957375,0.0034045550598731378
2025-06-30 23:00:00,0.8584,0.8596,0.8556,0.8584,0,0.0042,0.0042,1.0291,0.0291,0.005,0.0138,0.021,0.005,0.0137,0.0208,1.0392,-0.0097,0.0029,0.0024,0.0027,1,0,0.8547428571428571,0.8485839999999999,0.8539646464646465,66.4965221447064,0.00289154111799772,0.0024329050424774915,29.020036460309196,0.002481441626407076,0.0043290043290042934
2025-07-01 23:00:00,0.8588,0.8669,0.8577,0.8588,0,0.0005,0.0005,1.0296,0.0296,0.0034,0.0125,0.0193,0.0034,0.0124,0.0191,1.0392,-0.0093,0.0028,0.0024,0.0027,1,0,0.8551571428571428,0.84938,0.8539646464646465,67.03556633387961,0.003111321854926463,0.002568588404967286,31.14719539857349,0.0021956124259229497,0.0004659832246038942
2025-07-02 23:00:00,0.8644,0.8654,0.861,0.8644,0,0.0066,0.0066,1.0364,0.0364,0.0096,0.0155,0.0238,0.0096,0.0154,0.0235,1.0392,-0.0027,0.0036,0.0028,0.0029,1,0,0.8563285714285714,0.8505039999999999,0.8539646464646465,73.47088382169834,0.003694781727392793,0.0027938270694523874,33.12241441267605,0.002513453054596145,0.00652072659524916
2025-07-03 23:00:00,0.8612,0.8637,0.8609,0.8612,0,-0.0038,-0.0038,1.0325,0.0325,0.0098,0.012,0.0244,0.0097,0.0119,0.0241,1.0392,-0.0065,0.0036,0.003,0.0029,0,1,0.8575142857142858,0.8512440000000001,0.8539646464646465,65.5910740036272,0.0038545319781582155,0.0030059680511935532,34.908303197552165,0.0027469020348086003,-0.003701989819527962
2025-07-06 23:00:00,0.863,0.8644,0.8601,0.8631,0,0.0022,0.0022,1.0348,0.0348,0.0115,0.0137,0.0273,0.0114,0.0136,0.027,1.0392,-0.0043,0.0036,0.0031,0.0029,1,0,0.8589142857142857,0.852052,0.8539646464646465,67.79935030544317,0.00408733309225473,0.0032222410594057887,36.16739200004354,0.0027162395259203703,0.002206223873664648
2025-07-07 23:00:00,0.8614,0.8642,0.8609,0.8614,0,-0.0019,-0.0019,1.0328,0.0328,0.0113,0.0077,0.0262,0.0112,0.0076,0.0258,1.0392,-0.0062,0.0036,0.003,0.0029,0,1,0.8602857142857143,0.8527159999999999,0.8539646464646465,63.850877351723085,0.004087535297404354,0.003395299907005502,37.33654588807125,0.0028047155676773254,-0.0019696443054106894
2025-07-08 23:00:00,0.8629,0.8631,0.8606,0.8629,0,0.0017,0.0017,1.0345,0.0345,0.0096,0.0087,0.0286,0.0095,0.0087,0.0282,1.0392,-0.0045,0.0035,0.003,0.0029,1,0,0.8614571428571429,0.85358,0.8539646464646465,65.74643267420322,0.0041607702410696445,0.0035483939738183306,38.257229723743286,0.0026932510740090556,0.0017413512885999793
2025-07-09 23:00:00,0.863,0.8633,0.861,0.863,0,0.0001,0.0001,1.0346,0.0346,0.0054,0.0104,0.0319,0.0054,0.0104,0.0314,1.0392,-0.0044,0.0033,0.003,0.0028,1,0,0.8621142857142857,0.854388,0.8539646464646465,65.87490394189953,0.004178709068829334,0.0036744569928205315,39.15038046898199,0.0026921631003404504,0.00011588828369446524
2025-07-10 23:00:00,0.8616,0.8667,0.8609,0.8616,0,-0.0016,-0.0016,1.033,0.033,0.0033,0.0067,0.0225,0.0033,0.0067,0.0222,1.0392,-0.0059,0.0034,0.003,0.0026,0,1,0.8625142857142858,0.8551199999999999,0.8539646464646465,62.34921563470696,0.0040334621781131785,0.0037462580298790607,40.558228275291675,0.0026701275258629526,-0.0016222479721900163
2025-07-13 23:00:00,0.8657,0.8692,0.8654,0.8657,0,0.0047,0.0047,1.0379,0.0379,0.0015,0.0111,0.0271,0.0015,0.011,0.0267,1.0392,-0.0013,0.0029,0.0032,0.0027,1,0,0.8627,0.8560479999999999,0.8539646464646465,67.78671736165555,0.004200764902730358,0.0038371594044493205,42.20414639059502,0.002816347232509894,0.0047585886722376625
2025-07-14 23:00:00,0.8688,0.8696,0.8668,0.8688,0,0.0035,0.0035,1.0416,0.0416,0.0088,0.0186,0.0284,0.0088,0.0185,0.028,1.0416,0.0,0.0025,0.003,0.0027,1,0,0.8637857142857143,0.857084,0.8539646464646465,71.17623996066882,0.004531264018567405,0.0039759803272729375,43.78311856758112,0.0028799022506107823,0.0035809171768510506
2025-07-15 23:00:00,0.8666,0.8695,0.8647,0.8666,0,-0.0025,-0.0025,1.039,0.039,0.0041,0.0156,0.0301,0.0041,0.0155,0.0297,1.0416,-0.0025,0.0028,0.0031,0.0026,0,1,0.8642857142857142,0.85788,0.8539646464646465,65.87847418958566,0.004563065160393287,0.004093397293897008,44.085491278285076,0.002893776042143563,-0.002532228360957567
2025-07-16 23:00:00,0.8676,0.8679,0.8638,0.8676,0,0.0011,0.0011,1.0402,0.0402,0.0072,0.0185,0.0295,0.0071,0.0184,0.029,1.0416,-0.0013,0.0026,0.003,0.0026,1,0,0.8651714285714286,0.858656,0.8539646464646465,67.07799021242099,0.004615751922104172,0.004197868219538441,43.903561891014654,0.002895548671466106,0.0011539349180706981
2025-07-17 23:00:00,0.8647,0.8671,0.8648,0.8647,0,-0.0033,-0.0033,1.0367,0.0367,0.0021,0.0117,0.0254,0.0021,0.0116,0.0251,1.0416,-0.0047,0.003,0.0032,0.0027,0,1,0.8654285714285715,0.8591960000000001,0.8539646464646465,60.44209112794209,0.004373090531169965,0.004232912681864745,43.73462745997784,0.0029964321323012397,-0.0033425541724296792
2025-07-20 23:00:00,0.8669,0.8673,0.865,0.8669,0,0.0025,0.0025,1.0393,0.0393,0.0045,0.0099,0.0289,0.0045,0.0099,0.0285,1.0416,-0.0022,0.0031,0.0031,0.0027,1,0,0.8659857142857144,0.8598319999999999,0.8539646464646465,63.40016001773995,0.0043086339937581375,0.004248056944243424,43.62433441615961,0.0030093977862249025,0.0025442349947959464
2025-07-21 23:00:00,0.8669,0.8691,0.8664,0.8669,0,0.0,0.0,1.0393,0.0393,0.0061,0.0095,0.0285,0.0061,0.0094,0.0281,1.0416,-0.0021,0.003,0.0031,0.0027,1,0,0.8667428571428571,0.8604480000000001,0.8539646464646465,63.40016001773994,0.004209032615515085,0.004240252078497756,43.92475316363419,0.003012210105113696,0.0
2025-07-22 23:00:00,0.8681,0.8684,0.8647,0.8681,0,0.0014,0.0014,1.0408,0.0408,0.0028,0.0043,0.0254,0.0028,0.0043,0.0251,1.0416,-0.0007,0.0025,0.0026,0.0026,1,0,0.8670857142857142,0.860976,0.8539646464646465,65.05329793689702,0.004178757659734633,0.004227953194745131,43.25055539519776,0.002824055748185204,0.0013842427038874838
2025-07-23 23:00:00,0.867,0.8702,0.8666,0.867,0,-0.0013,-0.0013,1.0394,0.0394,-0.002,0.0067,0.0222,-0.002,0.0067,0.022,1.0416,-0.002,0.0022,0.0024,0.0027,0,1,0.8668285714285714,0.8614400000000001,0.8539646464646465,62.27646362707169,0.004019667507374258,0.004186296057270957,43.06122815276391,0.0028639941713849686,-0.0012671351226817285
2025-07-24 23:00:00,0.8702,0.8736,0.8697,0.8702,0,0.0037,0.0037,1.0433,0.0433,0.0041,0.0082,0.0223,0.0041,0.0082,0.022,1.0433,0.0,0.0024,0.0025,0.0027,1,0,0.8673428571428572,0.8620840000000001,0.8539646464646465,66.72611635993397,0.004104486704158861,0.004169934186648538,43.56236804161515,0.0028669651209864257,0.0036908881199537724
2025-07-27 23:00:00,0.8748,0.8752,0.8666,0.8748,0,0.0053,0.0053,1.0488,0.0488,0.0083,0.0155,0.028,0.0083,0.0154,0.0276,1.0488,0.0,0.003,0.0027,0.0028,1,0,0.8683714285714286,0.86284,0.8539646464646465,71.86384341827844,0.00449111728050966,0.004234170805420763,42.57579477490765,0.0029762882458303956,0.005286141116984666
2025-07-28 23:00:00,0.868,0.8687,0.8643,0.868,0,-0.0078,-0.0079,1.0406,0.0406,0.0038,0.0059,0.0194,0.0038,0.0058,0.0192,1.0488,-0.0078,0.0043,0.0036,0.0032,0,1,0.8688428571428571,0.863312,0.8539646464646465,57.684334605164764,0.004200402008072035,0.004227417045951018,40.75466568944962,0.003486184634025597,-0.007773205304069553
2025-07-29 23:00:00,0.8649,0.8658,0.8616,0.8649,0,-0.0035,-0.0035,1.037,0.037,-0.0022,0.0022,0.0118,-0.0023,0.0022,0.0117,1.0488,-0.0113,0.0044,0.0037,0.0032,0,1,0.8685571428571428,0.863792,0.8539646464646465,52.58995813232985,0.003677472355785416,0.004117428107917898,38.1446486325042,0.0036068444247261966,-0.0035714285714285587
2025-07-30 23:00:00,0.862,0.8658,0.8611,0.862,0,-0.0034,-0.0034,1.0335,0.0335,-0.0056,0.0004,0.0077,-0.0057,0.0004,0.0077,1.0488,-0.0146,0.0046,0.0038,0.0033,0,1,0.8678571428571429,0.86414,0.8539646464646465,48.293207158894106,0.002994522088543339,0.0038928469040429865,35.56142857501083,0.0033883476652414256,-0.0033529887848305906
2025-07-31 23:00:00,0.8647,0.872,0.8644,0.8647,0,0.0032,0.0032,1.0367,0.0367,-0.0039,-0.0011,0.0125,-0.0039,-0.0011,0.0124,1.0488,-0.0115,0.0048,0.0037,0.0033,1,0,0.8673714285714286,0.864656,0.8539646464646465,52.20828518923909,0.00264070610037892,0.0036424187433101735,34.72138313661559,0.003353972149400256,0.003132250580046403
2025-08-03 23:00:00,0.8718,0.8721,0.8687,0.8718,0,0.0081,0.0081,1.0452,0.0452,0.0055,0.0035,0.0185,0.0055,0.0034,0.0184,1.0488,-0.0035,0.0057,0.0042,0.0036,1,0,0.868057142857143,0.8653400000000001,0.8539646464646465,60.646578005486916,0.0028997880914137797,0.003493892612930895,33.962306279176644,0.003783501843844866,0.008210940210477524
2025-08-04 23:00:00,0.8711,0.8712,0.868,0.8711,0,-0.0008,-0.0008,1.0443,0.0443,0.001,0.0052,0.0174,0.001,0.0052,0.0173,1.0488,-0.0042,0.0056,0.0041,0.0036,0,1,0.8681857142857142,0.8658480000000001,0.8539646464646465,59.53057231142151,0.003013886083348183,0.003397891307014353,33.00732560493926,0.0037521480413550824,-0.000802936453314973
2025-08-05 23:00:00,0.8706,0.8731,0.8696,0.8706,0,-0.0006,-0.0006,1.0437,0.0437,-0.0048,0.0034,0.0208,-0.0048,0.0034,0.0206,1.0488,-0.0048,0.0051,0.0041,0.0035,0,1,0.8675857142857143,0.8663200000000001,0.8539646464646465,58.699665377967364,0.0030290467769337193,0.0033241224009982265,32.552755640479894,0.0037497168753588945,-0.00057398691309829
2025-08-06 23:00:00,0.873,0.8741,0.8664,0.873,0,0.0028,0.0028,1.0467,0.0467,0.0059,0.0096,0.0231,0.0058,0.0096,0.0229,1.0488,-0.002,0.0041,0.0041,0.0035,1,0,0.8683,0.866664,0.8539646464646465,61.478969924192214,0.0031978587530826497,0.0032988696714151113,31.032247238975305,0.0037836398530731027,0.002756719503790528
2025-08-07 23:00:00,0.868,0.8681,0.8653,0.868,0,-0.0058,-0.0058,1.0406,0.0406,0.0035,0.0012,0.019,0.0035,0.0012,0.0188,1.0488,-0.0078,0.0046,0.0044,0.0037,0,1,0.8687428571428571,0.866936,0.8539646464646465,53.414349083430956,0.002894815614702839,0.003218058860072657,29.278466463047277,0.004013909196039613,-0.00572737686139746
2025-08-10 23:00:00,0.8663,0.8671,0.8647,0.8663,0,-0.0019,-0.0019,1.0387,0.0387,0.005,-0.0007,0.0136,0.005,-0.0007,0.0135,1.0488,-0.0097,0.0044,0.0044,0.0037,0,1,0.8693571428571428,0.8670640000000001,0.8539646464646465,50.96638628591335,0.002488786767086526,0.0030722044414754307,27.462506557481504,0.003907673553085692,-0.0019585253456221308
2025-08-11 23:00:00,0.8646,0.8654,0.8619,0.8646,0,-0.002,-0.002,1.0366,0.0366,-0.0002,-0.0041,0.0073,-0.0002,-0.0041,0.0072,1.0488,-0.0117,0.0044,0.0044,0.0036,0,1,0.8693428571428571,0.867192,0.8539646464646465,48.56924880251891,0.002006698219614189,0.0028591031971031827,26.043108671154265,0.0038394375638849546,-0.001962368694447547
2025-08-12 23:00:00,0.8647,0.8653,0.8621,0.8647,0,0.0001,0.0001,1.0367,0.0367,-0.0081,-0.0027,0.0069,-0.0082,-0.0027,0.0068,1.0488,-0.0116,0.0026,0.0044,0.0036,1,0,0.8683285714285713,0.867264,0.8539646464646465,48.72203202650854,0.0016141023693766465,0.0026101030315578756,24.725096348136113,0.003801529466302083,0.00011566042100397134
2025-08-13 23:00:00,0.8621,0.8624,0.8596,0.8621,0,-0.0029,-0.0029,1.0336,0.0336,-0.0103,-0.0093,-0.0026,-0.0103,-0.0093,-0.0027,1.0488,-0.0145,0.0027,0.0043,0.0035,0,1,0.8670428571428571,0.8672280000000001,0.8539646464646465,44.98061416831164,0.0010807112916192407,0.002304224683570149,24.17735631687328,0.0038427556618810532,-0.0030068231756679165
2025-08-14 23:00:00,0.861,0.8638,0.8605,0.861,0,-0.0013,-0.0013,1.0323,0.0323,-0.011,-0.0157,-0.0002,-0.011,-0.0159,-0.0002,1.0488,-0.0157,0.0027,0.004,0.0034,0,1,0.8656714285714286,0.8672040000000001,0.8542363636363635,43.46004894492951,0.0005627472131299882,0.001955929189482117,23.18227604928035,0.0037842858118948956,-0.0012759540656536172
2025-08-17 23:00:00,0.8635,0.8638,0.8617,0.8635,0,0.0029,0.0029,1.0352,0.0352,-0.0109,-0.0051,0.0005,-0.011,-0.0051,0.0005,1.0488,-0.0129,0.0027,0.0036,0.0034,1,0,0.8643142857142857,0.867116,0.8545353535353535,47.78064057027801,0.0003499520266995182,0.0016347337569255973,22.258272943658344,0.0037988645520555023,0.0029036004645761615
2025-08-18 23:00:00,0.8637,0.8647,0.8629,0.8637,0,0.0003,0.0003,1.0355,0.0355,-0.0049,-0.0014,0.0027,-0.0049,-0.0014,0.0027,1.0488,-0.0126,0.0019,0.0035,0.0034,1,0,0.8637,0.8669120000000001,0.8548101010101011,48.12218260221562,0.00019519850996119192,0.0013468267075327164,21.07288352954544,0.003799825927494855,0.00023161551823980275
2025-08-19 23:00:00,0.8632,0.8662,0.8609,0.8632,0,-0.0006,-0.0006,1.0349,0.0349,-0.0036,0.0014,0.0004,-0.0036,0.0014,0.0004,1.0488,-0.0132,0.0019,0.0033,0.0034,0,1,0.863257142857143,0.866776,0.855071717171717,47.28945752795492,3.1842352858912903e-05,0.0010838298365979558,20.581925175388715,0.003782662371931217,-0.0005789047122843893
2025-08-20 23:00:00,0.8653,0.8665,0.8645,0.8653,0,0.0024,0.0024,1.0374,0.0374,0.0008,0.0006,0.0027,0.0008,0.0006,0.0026,1.0488,-0.0109,0.002,0.0033,0.0034,1,0,0.8633571428571428,0.866684,0.8553747474747475,51.115595510124635,7.101525139285858e-05,0.0008812669195569364,20.008514705372956,0.0038219200480793182,0.002432808155699684
2025-08-21 23:00:00,0.8654,0.8667,0.8638,0.8654,0,0.0001,0.0001,1.0375,0.0375,0.0008,-0.0073,0.0044,0.0008,-0.0073,0.0043,1.0488,-0.0107,0.002,0.0023,0.0034,1,0,0.8634571428571428,0.866712,0.8556737373737373,51.296890258126666,0.00010887418612592903,0.000726788372870735,19.69428771840879,0.0037179071990110415,0.00011556685542579714
2025-08-24 23:00:00,0.8666,0.867,0.865,0.8666,0,0.0014,0.0014,1.039,0.039,0.0052,-0.0052,0.001,0.0052,-0.0052,0.001,1.0488,-0.0094,0.0015,0.0024,0.0033,1,0,0.8641,0.8667,0.8559050505050505,53.52433253898041,0.00023302150893822482,0.000628035000084233,19.27146057928328,0.0035074928244620035,0.00138664201525307
2025-08-25 23:00:00,0.8633,0.8649,0.8624,0.8633,0,-0.0038,-0.0038,1.035,0.035,0.0026,-0.0084,-0.0063,0.0026,-0.0084,-0.0063,1.0488,-0.0132,0.0022,0.0026,0.0033,0,1,0.8644285714285713,0.8665559999999999,0.856031313131313,47.13946627464955,6.438455092561135e-05,0.0005153049102525086,19.67337267099376,0.003168318763267038,-0.003807985229633104
2025-08-26 23:00:00,0.8635,0.864,0.861,0.8635,0,0.0003,0.0003,1.0352,0.0352,0.0,-0.0109,-0.0036,0.0,-0.011,-0.0036,1.0488,-0.0129,0.0019,0.0024,0.0033,1,0,0.8644285714285714,0.866372,0.8560949494949495,47.5478464095244,-5.25177329979698e-05,0.00040174038160241296,20.41994582498612,0.0030722047250332403,0.00023166917641614937
2025-08-27 23:00:00,0.8625,0.8645,0.8615,0.8625,0,-0.0011,-0.0011,1.0341,0.0341,-0.0014,-0.0063,-0.0059,-0.0014,-0.0063,-0.0059,1.0488,-0.014,0.002,0.0019,0.0033,0,1,0.8642571428571427,0.866192,0.8561353535353534,45.64887749802466,-0.0002232814285734186,0.00027673601956724667,20.870864181629024,0.0029870248177106423,-0.0011580775911985697
2025-08-28 23:00:00,0.8645,0.8673,0.8635,0.8645,0,0.0024,0.0024,1.0365,0.0365,0.0015,-0.0021,-0.0002,0.0015,-0.0021,-0.0002,1.0488,-0.0117,0.0022,0.002,0.0033,1,0,0.8644428571428572,0.8659639999999998,0.8562434343434344,49.95386801977635,-0.00019498197150491503,0.00018239242135281432,20.05963702544425,0.0029478897712543915,0.002318840579710102
2025-08-31 23:00:00,0.8657,0.867,0.8638,0.8657,0,0.0013,0.0013,1.0379,0.0379,0.0005,0.0012,-0.0014,0.0005,0.0012,-0.0014,1.0488,-0.0104,0.0021,0.002,0.0032,1,0,0.8645000000000002,0.8655999999999999,0.8562363636363637,52.39051759223457,-7.486151971025645e-05,0.00013094163314020016,19.306354666129813,0.002261684597759946,0.0013880855986119212
2025-09-01 23:00:00,0.8647,0.8712,0.8641,0.8647,0,-0.0011,-0.0011,1.0367,0.0367,-0.0008,0.0,-0.0025,-0.0008,0.0,-0.0026,1.0488,-0.0115,0.0021,0.002,0.0033,0,1,0.8644000000000001,0.865468,0.8562151515151516,50.1971808053735,-5.966901166942762e-05,9.28195041782746e-05,18.743245588248897,0.0022667738596736193,-0.0011551345731777296
2025-09-02 23:00:00,0.8692,0.8709,0.8671,0.8692,0,0.0053,0.0052,1.0421,0.0421,0.003,0.0082,0.0013,0.003,0.0082,0.0013,1.0488,-0.0064,0.0029,0.0022,0.0034,1,0,0.8647714285714285,0.8656400000000001,0.85630101010101,58.59718818199186,0.00031188829818207253,0.0001366332629790342,18.220358587359474,0.00258480277161506,0.005204117034809608
2025-09-03 23:00:00,0.8675,0.868,0.866,0.8675,0,-0.002,-0.002,1.04,0.04,0.0049,0.0075,0.0005,0.0048,0.0074,0.0005,1.0488,-0.0084,0.0025,0.0023,0.0034,0,1,0.8653714285714287,0.86586,0.8564424242424243,54.834479818446596,0.00046382763441144004,0.0002020721372655154,17.29802269428289,0.0025270094522261244,-0.0019558214450068334
2025-09-04 23:00:00,0.867,0.8686,0.8665,0.867,0,-0.0005,-0.0005,1.0395,0.0395,0.0041,0.0041,-0.0037,0.0041,0.0041,-0.0037,1.0488,-0.0089,0.0026,0.0022,0.0033,0,1,0.8658714285714286,0.865952,0.85650202020202,53.74143293457707,0.0005376966000107952,0.0002691970298145714,16.6528119457925,0.002185552551188739,-0.0005763688760807018
2025-09-07 23:00:00,0.868,0.8683,0.8663,0.868,0,0.0012,0.0012,1.0407,0.0407,0.0064,0.005,-0.0077,0.0064,0.005,-0.0078,1.0488,-0.0077,0.0025,0.0022,0.0032,1,0,0.8666571428571429,0.8658,0.8565787878787878,55.645732014981384,0.0006692156288989892,0.0003492007496314549,15.967948491821323,0.002153468096886351,0.0011534025374855261
2025-09-08 23:00:00,0.8683,0.8684,0.8655,0.8683,0,0.0003,0.0003,1.041,0.041,0.0044,0.0059,0.0004,0.0044,0.0059,0.0004,1.0488,-0.0074,0.0024,0.0022,0.0028,1,0,0.8672000000000001,0.8656880000000001,0.856711111111111,56.22789733317765,0.000788562838097473,0.00043707316732465853,14.983409555523226,0.0020982529299818672,0.0003456221198157028
2025-09-09 23:00:00,0.8655,0.8655,0.8641,0.8655,0,-0.0033,-0.0033,1.0376,0.0376,-0.0002,0.0003,0.0007,-0.0002,0.0003,0.0007,1.0488,-0.0106,0.0028,0.0023,0.0028,0,1,0.8671714285714286,0.8654839999999999,0.8568282828282829,49.67450829860972,0.0006497201918786999,0.00047960257223546684,14.334553322215887,0.0022351092292465066,-0.0032246919267533425
2025-09-10 23:00:00,0.8647,0.8662,0.8637,0.8647,0,-0.001,-0.001,1.0366,0.0366,-0.0,-0.0009,0.0031,-0.0,-0.0009,0.0031,1.0488,-0.0116,0.0027,0.0023,0.0028,0,1,0.8671714285714286,0.865152,0.8569434343434343,47.95476925371549,0.0004697184583239977,0.000477625749453173,13.422988964970486,0.0021313775235895166,-0.0009243212016175617
2025-09-11 23:00:00,0.8643,0.8664,0.8638,0.8643,0,-0.0005,-0.0005,1.0362,0.0362,-0.0057,-0.0027,-0.0006,-0.0057,-0.0027,-0.0006,1.0488,-0.012,0.0015,0.0023,0.0027,0,1,0.8664714285714287,0.865004,0.8570525252525253,47.07717443404538,0.00029142971028739417,0.00044038654162001725,12.48646017672355,0.002110338260887467,-0.0004625881808720811
2025-09-14 23:00:00,0.8651,0.8653,0.8632,0.8651,0,0.001,0.001,1.0372,0.0372,-0.0027,0.0022,-0.0076,-0.0027,0.0022,-0.0076,1.0488,-0.0111,0.0015,0.0021,0.0022,1,0,0.8661285714285715,0.864956,0.8572141414141414,49.08409592688781,0.0002122413212526375,0.0003947574975465413,11.89142844301115,0.002021103822389588,0.0009256045354621989
2025-09-15 23:00:00,0.8648,0.8679,0.8634,0.8648,0,-0.0004,-0.0004,1.0368,0.0368,-0.0026,0.0015,-0.0073,-0.0026,0.0015,-0.0073,1.0488,-0.0115,0.0015,0.0021,0.0022,0,1,0.8658142857142856,0.864964,0.8573717171717172,48.34373496303847,0.00012384880766413975,0.00034057575957006106,11.879880529770414,0.0020231756968175836,-0.00034678071899196805
2025-09-16 23:00:00,0.8694,0.8694,0.8669,0.8694,0,0.0054,0.0054,1.0423,0.0423,0.0016,0.008,-0.0014,0.0016,0.008,-0.0014,1.0488,-0.0062,0.0026,0.0025,0.0025,1,0,0.8660142857142857,0.865152,0.8575686868686869,58.644267794832125,0.00042013559835496483,0.00035648772732704186,12.414907576420473,0.002330764304849602,0.005319148936170137
2025-09-17 23:00:00,0.8676,0.8696,0.8665,0.8676,0,-0.0021,-0.0021,1.0402,0.0402,-0.0008,0.0036,-0.0062,-0.0008,0.0036,-0.0062,1.0488,-0.0082,0.0028,0.0025,0.0024,0,1,0.8659142857142857,0.865372,0.8577444444444445,54.0983646077545,0.0005038915101684971,0.0003859684838953329,12.704911281154134,0.0023375369952962815,-0.0020703933747411307
2025-09-18 23:00:00,0.8697,0.8727,0.8686,0.8697,0,0.0023,0.0023,1.0426,0.0426,0.0048,0.0046,0.0019,0.0048,0.0046,0.0019,1.0488,-0.0059,0.0025,0.0026,0.0022,1,0,0.8665142857142857,0.86572,0.8579121212121211,58.17209429077813,0.0007312912529267024,0.00045503303770160684,13.978610689090138,0.002392679251658108,0.0024204702627939056
2025-09-21 23:00:00,0.8716,0.8733,0.8703,0.8716,0,0.0023,0.0023,1.045,0.045,0.0081,0.008,0.0061,0.0081,0.008,0.0061,1.0488,-0.0036,0.0024,0.0026,0.0022,1,0,0.8674999999999999,0.866044,0.858119191919192,61.5012186649887,0.0010526865926611118,0.0005745637486935078,15.329539127357359,0.002419129584071542,0.0021846613774865187
2025-09-22 23:00:00,0.8731,0.8745,0.8717,0.8731,0,0.0017,0.0017,1.0468,0.0468,0.0102,0.0044,0.0098,0.0102,0.0044,0.0098,1.0488,-0.0019,0.0023,0.0022,0.0022,1,0,0.8687571428571428,0.86642,0.858360606060606,63.94125792256568,0.0014121537495165315,0.0007420817488581126,16.910165513191043,0.0022350329414065847,0.0017209729233593762
2025-09-23 23:00:00,0.8736,0.8744,0.8723,0.8736,0,0.0006,0.0006,1.0473,0.0473,0.0098,0.0071,0.0103,0.0097,0.007,0.0103,1.0488,-0.0014,0.0024,0.0021,0.0022,1,0,0.8699714285714286,0.8668359999999999,0.8585939393939394,64.74340431627647,0.0017175806815312722,0.0009371815353927446,18.377890014322322,0.0022336410913041727,0.0005726720879624114
2025-09-24 23:00:00,0.873,0.8749,0.8723,0.873,0,-0.0007,-0.0007,1.0466,0.0466,0.0095,0.0069,0.0126,0.0095,0.0069,0.0125,1.0488,-0.0021,0.0024,0.0021,0.0021,0,1,0.8711428571428571,0.867144,0.8588464646464646,62.93416722601671,0.0018894384695027355,0.0011276329222147429,19.883001355153272,0.0022167182074544806,-0.0006868131868131844
2025-09-25 23:00:00,0.8745,0.8748,0.872,0.8745,0,0.0017,0.0017,1.0484,0.0484,0.0058,0.0074,0.0156,0.0058,0.0074,0.0155,1.0488,-0.0004,0.0017,0.0021,0.0021,1,0,0.8718714285714286,0.867508,0.8591444444444445,65.52771756732876,0.002122210941907565,0.0013265485261533074,21.079827979381616,0.0021962881722398077,0.0017182130584192379
2025-09-28 23:00:00,0.873,0.8744,0.8714,0.873,0,-0.0017,-0.0017,1.0466,0.0466,0.0062,0.0054,0.011,0.0062,0.0054,0.0109,1.0488,-0.0021,0.0015,0.0022,0.0021,0,1,0.8726428571428572,0.867764,0.859458585858586,60.93595694633134,0.0021607396773597465,0.0014933867563945954,21.78507203599026,0.0022450900515198573,-0.0017152658662092923
2025-09-29 23:00:00,0.8731,0.8744,0.8723,0.8731,0,0.0001,0.0001,1.0468,0.0468,0.004,0.0088,0.0108,0.004,0.0087,0.0108,1.0488,-0.0019,0.0014,0.002,0.0021,1,0,0.8731285714285715,0.868156,0.8597858585858587,61.13150134861081,0.0021742794025446655,0.0016295652856246096,22.439941517126865,0.002215898000013232,0.00011454753722794919
2025-09-30 23:00:00,0.8729,0.8741,0.869,0.8729,0,-0.0002,-0.0002,1.0466,0.0466,0.0015,0.0096,0.0112,0.0015,0.0095,0.0112,1.0488,-0.0021,0.0012,0.0019,0.0021,0,1,0.8733142857142857,0.868532,0.8600878787878788,60.4794367607838,0.0021441549205382104,0.0017324832126073297,21.08615686552255,0.001920343061006291,-0.00022906883518492016
2025-10-01 23:00:00,0.8704,0.8729,0.8702,0.8704,0,-0.0029,-0.0029,1.0435,0.0435,-0.0031,0.0071,0.0059,-0.0031,0.0071,0.0059,1.0488,-0.005,0.0015,0.0021,0.0021,0,1,0.8729285714285714,0.8688480000000002,0.8603828282828284,52.885654608487826,0.0018966881050567208,0.001765324191097208,19.829071117604258,0.0019840381772658813,-0.0028640164967350668
2025-10-02 23:00:00,0.8719,0.8729,0.871,0.8719,0,0.0017,0.0017,1.0454,0.0454,-0.0019,0.0079,0.0075,-0.0019,0.0078,0.0075,1.0488,-0.0033,0.0017,0.0022,0.0022,1,0,0.8726857142857144,0.869144,0.8606969696969697,56.421239003485596,0.0018008472883114246,0.0017724288105400512,18.661777208822986,0.002005110204572188,0.001723345588235281
2025-10-05 23:00:00,0.8718,0.8722,0.8672,0.8718,0,-0.0002,-0.0002,1.0452,0.0452,-0.0014,0.0081,0.006,-0.0014,0.0081,0.006,1.0488,-0.0035,0.0017,0.0021,0.0022,0,1,0.8725142857142858,0.869388,0.8610111111111111,56.118888613634475,0.00169725864512571,0.001757394777457183,18.79277397095341,0.001996192345151663,-0.00011469205184078124
2025-10-06 23:00:00,0.8684,0.8704,0.8677,0.8684,0,-0.0039,-0.0039,1.0411,0.0411,-0.007,-0.0012,0.0059,-0.007,-0.0012,0.0059,1.0488,-0.0074,0.0019,0.002,0.0022,0,1,0.871642857142857,0.869536,0.8612727272727273,46.913726417284764,0.0013255324016596681,0.0016710223022976802,18.914413821503086,0.002197736652861936,-0.0038999770589585037
2025-10-07 23:00:00,0.8683,0.8684,0.8657,0.8683,0,-0.0001,-0.0001,1.041,0.041,-0.0054,0.0008,0.0056,-0.0054,0.0008,0.0055,1.0488,-0.0074,0.0019,0.0019,0.0022,0,1,0.8709714285714286,0.8695,0.8615141414141413,46.67124551410349,0.0010112109014892567,0.0015390600221359956,19.731134583224506,0.0020628540616581615,-0.00011515430677111471
2025-10-08 23:00:00,0.8678,0.8698,0.8675,0.8678,0,-0.0006,-0.0006,1.0404,0.0404,-0.0061,-0.0021,0.0061,-0.0061,-0.0021,0.0061,1.0488,-0.008,0.0019,0.0018,0.0022,0,1,0.8702142857142857,0.869512,0.8617888888888888,45.40749925698923,0.0007135378070367571,0.0013739555791161479,19.694016994428928,0.002054637174686152,-0.0005758378440630096
2025-10-09 23:00:00,0.8693,0.8723,0.8692,0.8693,0,0.0018,0.0018,1.0422,0.0422,-0.0041,-0.0027,0.0055,-0.0041,-0.0027,0.0055,1.0488,-0.0063,0.0022,0.0017,0.0021,1,0,0.8697,0.8696039999999999,0.8620838383838385,49.7991472624139,0.000591844780818529,0.001217533419456624,18.45789083930102,0.002076812912928654,0.0017285088730121245
2025-10-12 23:00:00,0.87,0.8707,0.8673,0.87,0,0.0007,0.0007,1.043,0.043,-0.0005,-0.0036,0.0049,-0.0005,-0.0036,0.0049,1.0488,-0.0055,0.0019,0.0017,0.0021,1,0,0.8696428571428572,0.869684,0.8623919191919193,51.74982225728402,0.0005455970277322697,0.0010831461411117533,18.031986640750983,0.0020750493758149025,0.0008052455999079111
2025-10-13 23:00:00,0.8675,0.8721,0.8666,0.8675,0,-0.0028,-0.0028,1.04,0.04,-0.0051,-0.007,0.0032,-0.0051,-0.007,0.0032,1.0488,-0.0083,0.002,0.0018,0.0022,0,1,0.8690142857142857,0.869652,0.862680808080808,45.021316006783955,0.0003037152037731472,0.0009272599536440321,17.02641724935203,0.0021892840795543905,-0.002873563218390718
2025-10-14 23:00:00,0.8709,0.872,0.8684,0.8709,0,0.004,0.004,1.0442,0.0442,-0.001,-0.0024,0.002,-0.001,-0.0024,0.002,1.0488,-0.0044,0.0027,0.0021,0.0021,1,0,0.8688857142857142,0.869868,0.863030303030303,53.81607986323061,0.0003819705815399921,0.0008182020792232241,16.092674243053,0.0020323535214522947,0.00391930835734855
2025-10-15 23:00:00,0.8688,0.8696,0.8664,0.8688,0,-0.0025,-0.0025,1.0416,0.0416,0.0005,-0.0065,0.0015,0.0005,-0.0065,0.0015,1.0488,-0.0069,0.0024,0.0022,0.0021,0,1,0.8689428571428571,0.8700319999999999,0.8632939393939394,48.64056548718289,0.00027140746632559054,0.0007088431566436974,15.99219314578978,0.0020527373857710945,-0.0024112986565621997
2025-10-16 23:00:00,0.8701,0.8724,0.8694,0.8701,0,0.0015,0.0015,1.0432,0.0432,0.0021,-0.0033,0.0036,0.0021,-0.0033,0.0036,1.0488,-0.0053,0.0024,0.0022,0.0021,1,0,0.8692,0.8702639999999999,0.8635686868686868,51.73500813798559,0.00028539468413379954,0.0006241534621417179,14.981972551007564,0.0020069603590498987,0.0014963167587476178
2025-10-19 23:00:00,0.8683,0.8694,0.8674,0.8683,0,-0.0021,-0.0022,1.0409,0.0409,0.0005,-0.0056,0.0002,0.0005,-0.0056,0.0002,1.0488,-0.0075,0.0026,0.0022,0.0021,0,1,0.8692714285714285,0.870392,0.8638060606060607,47.470221585447526,0.00014951122590234345,0.000529225014893843,14.506032613936613,0.001991350959168573,-0.0020687277324445974
2025-10-20 23:00:00,0.8686,0.8694,0.867,0.8686,0,0.0004,0.0004,1.0414,0.0414,-0.0008,-0.005,0.0003,-0.0008,-0.005,0.0003,1.0488,-0.0071,0.0025,0.0023,0.0021,1,0,0.8691714285714286,0.870544,0.8640818181818182,48.23612323691226,6.527761930041898e-05,0.0004364355357751582,14.201936952769602,0.0019451774971907328,0.0003455027064378502
2025-10-21 23:00:00,0.8679,0.8712,0.8675,0.8679,0,-0.0008,-0.0008,1.0405,0.0405,-0.0024,-0.0029,0.0028,-0.0024,-0.0029,0.0028,1.0488,-0.0079,0.0025,0.0021,0.0021,0,1,0.8688714285714285,0.870484,0.8643353535353535,46.53131993460725,-5.730173196083488e-05,0.0003376880822279596,13.19059733375938,0.0019386617208778899,-0.0008058945429426645
2025-10-22 23:00:00,0.8694,0.872,0.8681,0.8694,0,0.0017,0.0017,1.0423,0.0423,0.0022,-0.0029,0.0055,0.0022,-0.0029,0.0055,1.0488,-0.0062,0.0023,0.0021,0.0021,1,0,0.8691428571428571,0.870556,0.86459898989899,50.56339340308489,-3.302855437981034e-05,0.00026354475490640567,12.54850357251494,0.001989519359694406,0.001728309713100451
2025-10-23 23:00:00,0.8717,0.8747,0.8706,0.8717,0,0.0026,0.0026,1.045,0.045,0.0008,-0.0001,0.0086,0.0008,-0.0001,0.0085,1.0488,-0.0036,0.002,0.0023,0.0021,1,0,0.869257142857143,0.870636,0.8648939393939393,56.03771706537251,0.0001698410697008601,0.00024480401786529653,12.866478241822724,0.0020466743751461486,0.002645502645502784
2025-10-27 00:00:00,0.873,0.8735,0.8716,0.873,0,0.0016,0.0016,1.0467,0.0467,0.0049,0.0054,0.0091,0.0049,0.0054,0.0091,1.0488,-0.002,0.0017,0.002,0.0021,1,0,0.8698571428571429,0.8706920000000001,0.8651979797979799,58.813807819940834,0.0004305527003088949,0.00028195375435401625,13.161740434751382,0.0020438867136208594,0.0014913387633359587
2025-10-28 00:00:00,0.8733,0.8788,0.8726,0.8733,0,0.0003,0.0003,1.047,0.047,0.0037,0.0058,0.0099,0.0036,0.0057,0.0098,1.0488,-0.0017,0.0016,0.002,0.0021,1,0,0.8703142857142857,0.8706999999999999,0.8654666666666667,59.45017098878011,0.0006538389898130825,0.0003563308014458295,14.8185670388599,0.0020451923153893153,0.0003436426116838476
2025-10-29 00:00:00,0.8778,0.8816,0.8777,0.8778,0,0.0052,0.0052,1.0524,0.0524,0.011,0.0116,0.0097,0.011,0.0115,0.0096,1.0524,0.0,0.002,0.0023,0.0021,1,0,0.8716714285714285,0.870868,0.8657656565656565,67.54952519483577,0.0011803015928170124,0.0005211249597200661,16.889575697488905,0.002343861827479837,0.005152868430092772
2025-10-30 00:00:00,0.8793,0.8813,0.879,0.8793,0,0.0017,0.0017,1.0542,0.0542,0.0123,0.0115,0.0135,0.0122,0.0114,0.0134,1.0542,0.0,0.0019,0.0023,0.0021,1,0,0.8732,0.8711199999999999,0.866049494949495,69.72058727178012,0.0016989796824318226,0.0007566959042624175,18.812655166215837,0.0022415692235890293,0.0017088174982911042
2025-10-31 00:00:00,0.8794,0.8817,0.8781,0.8794,0,0.0001,0.0001,1.0543,0.0543,0.0132,0.0108,0.0112,0.0131,0.0107,0.0111,1.0543,0.0,0.0017,0.0023,0.002,1,0,0.8748428571428571,0.8713160000000001,0.8663363636363637,69.86533474180872,0.002093967021219223,0.0010241501276537785,20.168557210280245,0.002224588583921072,0.00011372682815879998
2025-11-03 00:00:00,0.8776,0.8783,0.8763,0.8776,0,-0.002,-0.002,1.0522,0.0522,0.0095,0.0117,0.0068,0.0094,0.0116,0.0068,1.0543,-0.002,0.0022,0.0023,0.0021,0,1,0.8760142857142857,0.8715,0.8666,63.940243928382856,0.0022359774203122296,0.0012665155861854688,20.613920501248952,0.0022904977904896233,-0.002046850125085209
2025-11-04 00:00:00,0.8769,0.8812,0.8765,0.8769,0,-0.0008,-0.0008,1.0513,0.0513,0.006,0.0069,0.0044,0.006,0.0068,0.0044,1.0543,-0.0028,0.0023,0.0021,0.002,0,1,0.8767571428571428,0.871652,0.8668222222222224,61.747134542296465,0.0022659174489997325,0.0014663959587483215,21.686916277768372,0.0020844469817360815,-0.0007976298997265374
2025-11-05 00:00:00,0.882,0.8829,0.88,0.882,0,0.0058,0.0058,1.0574,0.0574,0.0103,0.0152,0.0096,0.0102,0.0151,0.0096,1.0574,0.0,0.003,0.0023,0.0023,1,0,0.8780428571428571,0.872016,0.867090909090909,69.85870186523661,0.0026703899221992566,0.0017071947514385086,23.0206362342933,0.002393009918456272,0.005815942524803219
2025-11-06 00:00:00,0.8808,0.8817,0.8795,0.8808,0,-0.0014,-0.0014,1.056,0.056,0.0086,0.0123,0.0089,0.0085,0.0122,0.0089,1.0574,-0.0014,0.0031,0.0024,0.0023,0,1,0.8791142857142857,0.8724319999999999,0.867360606060606,66.29643280855063,0.002861126020322069,0.0019379810052152207,24.03135770629553,0.00242275745605504,-0.0013605442176870541
2025-11-07 00:00:00,0.8788,0.8816,0.8784,0.8788,0,-0.0022,-0.0022,1.0536,0.0536,0.0011,0.0122,0.005,0.0011,0.0121,0.005,1.0574,-0.0036,0.0028,0.0024,0.0023,0,1,0.879257142857143,0.8727079999999999,0.8675919191919194,60.737439870018605,0.0028184135499588203,0.002114067514163941,24.469517559561442,0.0025012080428424483,-0.002270663033605791
2025-11-10 00:00:00,0.8786,0.8795,0.8774,0.8783,0,-0.0005,-0.0005,1.053,0.053,-0.0011,0.0112,0.0061,-0.0011,0.0111,0.0061,1.0574,-0.0041,0.0027,0.0025,0.0023,0,1,0.8791142857142856,0.8729680000000001,0.8678151515151515,59.39655373324486,0.002712944650956617,0.002233842941522476,24.433662086148356,0.0025125773331924747,-0.0005689576695494525
2025-11-11 00:00:00,0.8773,0.8813,0.8773,0.8773,0,-0.0012,-0.0012,1.0518,0.0518,-0.0023,0.0108,0.0048,-0.0023,0.0108,0.0048,1.0574,-0.0053,0.0028,0.0025,0.0023,0,1,0.8788142857142857,0.8733240000000001,0.8680616161616163,56.700449967417164,0.002519623494747436,0.0022909990521674684,24.859295354101402,0.0024189834338269106,-0.0011385631333257207
2025-11-12 00:00:00,0.8809,0.8838,0.8804,0.8809,0,0.0041,0.0041,1.0561,0.0561,0.0038,0.0133,0.0091,0.0038,0.0132,0.0091,1.0574,-0.0012,0.0031,0.0026,0.0024,1,0,0.8792857142857143,0.8738279999999999,0.868340404040404,63.18001872975385,0.0026266268795437364,0.002358124617642722,25.81243479231034,0.002432739172858049,0.004103499373076636
2025-11-13 00:00:00,0.8829,0.8842,0.8816,0.8829,0,0.0023,0.0023,1.0586,0.0586,0.0069,0.0129,0.0144,0.0068,0.0128,0.0143,1.0586,0.0,0.0031,0.0026,0.0024,1,0,0.8801428571428571,0.8744320000000001,0.8686545454545453,66.20566915567652,0.0028400725299733143,0.0024545142001088406,26.781218894754186,0.0023543661232772175,0.0022704052673401254
2025-11-14 00:00:00,0.8842,0.8865,0.8816,0.8842,0,0.0014,0.0014,1.0601,0.0601,0.0025,0.0128,0.0141,0.0025,0.0127,0.014,1.0601,0.0,0.0023,0.0026,0.0024,1,0,0.8804571428571429,0.875028,0.8689525252525253,68.04384776417342,0.003078640232959895,0.0025793394066790515,28.135965952158426,0.002354004408264584,0.0014724204326650447
2025-11-17 00:00:00,0.8827,0.8828,0.8792,0.8826,0,-0.0018,-0.0018,1.0581,0.0581,0.0021,0.0106,0.0124,0.0021,0.0106,0.0123,1.0601,-0.0018,0.0024,0.0027,0.0024,0,1,0.8807142857142857,0.8755320000000001,0.8691969696969697,63.468113845261705,0.003102832704154901,0.0026840380661742216,28.294181538627758,0.0023380006174146904,-0.0018095453517302795
2025-11-18 00:00:00,0.8811,0.8823,0.8804,0.881,0,-0.0018,-0.0018,1.0562,0.0562,0.0024,0.0036,0.0145,0.0024,0.0036,0.0144,1.0601,-0.0037,0.0023,0.0025,0.0023,0,1,0.8810285714285714,0.8760720000000001,0.8694212121212122,59.18216089174432,0.002958791674986805,0.0027389887879367384,28.441096011777855,0.0024097494477339555,-0.001812825742125601
2025-11-19 00:00:00,0.8808,0.8833,0.8807,0.8808,0,-0.0002,-0.0002,1.0559,0.0559,0.0028,0.0017,0.0143,0.0028,0.0017,0.0142,1.0601,-0.0039,0.0023,0.0024,0.0023,0,1,0.8813857142857143,0.876468,0.8695868686868687,58.64901358950112,0.0027962661772057418,0.002750444265790539,28.819145057263064,0.002393986268401417,-0.00022701475595909848
2025-11-20 00:00:00,0.8835,0.8837,0.8796,0.8834,0,0.003,0.003,1.0591,0.0591,0.007,0.0046,0.018,0.0069,0.0046,0.0179,1.0601,-0.0009,0.0024,0.0026,0.0023,1,0,0.882257142857143,0.877052,0.8698111111111111,63.28012877404262,0.0028444725116825165,0.002769249914968935,28.65048606330708,0.0024358210511198097,0.0029518619436874616
2025-11-21 00:00:00,0.8815,0.8826,0.8781,0.8815,0,-0.0022,-0.0022,1.0568,0.0568,0.0006,0.0044,0.014,0.0006,0.0044,0.0139,1.0601,-0.0031,0.0022,0.0026,0.0024,0,1,0.8823428571428572,0.877508,0.8699969696969697,58.15449108039045,0.002698258414629451,0.002755051614901038,27.8255877546102,0.002480452265172307,-0.0021507810731266064
2025-11-24 00:00:00,0.8786,0.8819,0.8785,0.8787,0,-0.0032,-0.0032,1.0534,0.0534,-0.0049,0.002,0.01,-0.0049,0.002,0.0099,1.0601,-0.0063,0.0022,0.0027,0.0025,0,1,0.881742857142857,0.877924,0.870171717171717,51.5303069798271,0.002329592003381342,0.002669959692597099,27.059610753677383,0.0026048877471447247,-0.003176403857061749
2025-11-25 00:00:00,0.879,0.8794,0.8768,0.8789,0,0.0003,0.0003,1.0537,0.0537,-0.006,-0.0035,0.0132,-0.006,-0.0035,0.0131,1.0601,-0.006,0.0021,0.0022,0.0024,1,0,0.8809857142857143,0.878336,0.8703333333333333,51.95131203950359,0.00203015715692334,0.0025419991854623474,25.607030023226887,0.002604981860349853,0.00022760896779328021
2025-11-26 00:00:00,0.8788,0.8817,0.8755,0.8788,0,-0.0001,-0.0001,1.0536,0.0536,-0.0043,-0.0022,0.0091,-0.0043,-0.0022,0.009,1.0601,-0.0061,0.002,0.0022,0.0023,0,1,0.8804428571428572,0.878772,0.8704929292929292,51.70946444416402,0.0017644443039214197,0.0023864882091541623,25.020163228486904,0.002344170411485952,-0.00011377858686989484
2025-11-27 00:00:00,0.8759,0.877,0.8746,0.8759,0,-0.0033,-0.0034,1.0501,0.0501,-0.0058,-0.0033,0.0082,-0.0058,-0.0033,0.0082,1.0601,-0.0094,0.0023,0.0023,0.0024,0,1,0.8797142857142858,0.879032,0.8706373737373737,45.1458142829865,0.0013048180595021108,0.002170154179223752,24.089691676458262,0.0024248626998839887,-0.0032999544833864913
2025-11-28 00:00:00,0.876,0.8772,0.8747,0.876,0,0.0001,0.0001,1.0503,0.0503,-0.0054,-0.0026,0.0068,-0.0054,-0.0026,0.0068,1.0601,-0.0093,0.0023,0.0023,0.0023,1,0,0.8790285714285714,0.879204,0.8707414141414141,45.4031674509764,0.0009378195140510304,0.0019236872461892076,23.294097310796285,0.002424865620783496,0.00011416828405064194
2025-12-01 00:00:00,0.8762,0.8793,0.8759,0.8762,0,0.0003,0.0003,1.0505,0.0505,-0.0081,-0.0012,0.0092,-0.0082,-0.0012,0.0092,1.0601,-0.009,0.0017,0.0023,0.0023,1,0,0.878,0.879332,0.8708161616161617,45.94934692011852,0.0006555520552042893,0.001670060207992224,23.236676086287314,0.002386274030727427,0.00022831050228311334
2025-12-02 00:00:00,0.8787,0.8801,0.8783,0.8787,0,0.0028,0.0028,1.0534,0.0534,-0.0032,-0.0025,0.0116,-0.0032,-0.0025,0.0115,1.0601,-0.0063,0.0022,0.0021,0.0023,1,0,0.8776,0.8795479999999999,0.8709383838383838,52.36432196056974,0.0006263618574728902,0.0014613205378883572,23.421543933438652,0.002466546321973838,0.0028532298561971814
2025-12-03 00:00:00,0.8796,0.8799,0.8737,0.8796,0,0.001,0.001,1.0545,0.0545,0.001,-0.0038,0.0134,0.001,-0.0038,0.0134,1.0601,-0.0053,0.0018,0.002,0.0023,1,0,0.8777285714285715,0.8796200000000001,0.871059595959596,54.45976784506358,0.000668148889364617,0.0013026862081836092,21.79458488567773,0.0020860352039591174,0.001024240355069983
2025-12-04 00:00:00,0.8741,0.8753,0.8722,0.8741,0,-0.0062,-0.0062,1.048,0.048,-0.0055,-0.0114,0.0054,-0.0055,-0.0115,0.0054,1.0601,-0.0114,0.003,0.0025,0.0026,0,1,0.8770428571428571,0.8794120000000001,0.8711545454545455,42.233235179421364,0.0002545273458113284,0.001093054435709153,20.772040621853314,0.0024859266692786783,-0.00625284220100053
2025-12-05 00:00:00,0.8739,0.8741,0.8724,0.8739,0,-0.0002,-0.0002,1.0478,0.0478,-0.0056,-0.0098,0.0026,-0.0056,-0.0099,0.0026,1.0601,-0.0116,0.003,0.0025,0.0026,0,1,0.8763428571428571,0.8791920000000001,0.8712252525252525,41.865163579604015,-8.839012957440051e-05,0.0008567655226524424,19.82253523401636,0.0024457439436496274,-0.00022880677268044547
2025-12-08 00:00:00,0.8735,0.8752,0.8726,0.8735,0,-0.0004,-0.0004,1.0473,0.0473,-0.0027,-0.0084,0.0006,-0.0027,-0.0085,0.0006,1.0601,-0.0121,0.0028,0.0025,0.0026,0,1,0.876,0.879028,0.8712919191919193,41.09378289624937,-0.0003879592042547175,0.0006078205772710105,18.516517624919373,0.0024451707147553083,-0.000457718274402108
2025-12-09 00:00:00,0.8734,0.8746,0.872,0.8734,0,-0.0001,-0.0001,1.0472,0.0472,-0.0029,-0.0083,0.0002,-0.0029,-0.0083,0.0002,1.0601,-0.0122,0.0028,0.0025,0.0026,0,1,0.8756285714285713,0.878888,0.8713454545454545,40.89093630509118,-0.0006262203402093158,0.00036101239377494523,17.524953013756324,0.0024367578392215164,-0.00011448196909003006
2025-12-10 00:00:00,0.874,0.8751,0.8728,0.874,0,0.0007,0.0007,1.0479,0.0479,-0.0025,-0.0106,-0.0043,-0.0025,-0.0107,-0.0043,1.0601,-0.0115,0.0028,0.0023,0.0024,1,0,0.8753142857142857,0.8785679999999999,0.8714161616161616,42.71796742707542,-0.0007578925083765453,0.0001372314133446471,16.399077872501262,0.0022285804491887465,0.0006869704602703308
2025-12-11 00:00:00,0.874,0.8757,0.8738,0.8739,0,-0.0001,-0.0001,1.0477,0.0477,-0.0054,-0.0086,-0.0061,-0.0054,-0.0086,-0.0061,1.0601,-0.0117,0.0025,0.0022,0.0024,0,1,0.8746285714285714,0.878292,0.8714535353535353,42.482281781060664,-0.0008603947198080331,-6.229381328588893e-05,15.350799576820277,0.002140770946948741,-0.00011441647597254523
2025-12-12 00:00:00,0.8766,0.8791,0.876,0.8766,0,0.0031,0.0031,1.0509,0.0509,-0.0034,-0.0024,-0.0032,-0.0034,-0.0024,-0.0032,1.0601,-0.0086,0.0028,0.0023,0.0024,1,0,0.8742,0.8782040000000001,0.8714717171717172,50.433903618893574,-0.0007155130368007301,-0.00019293765798885718,15.591115920266118,0.0022474713274575103,0.00308959835221434
2025-12-15 00:00:00,0.878,0.8789,0.877,0.878,0,0.0016,0.0016,1.0527,0.0527,0.0045,-0.001,0.0005,0.0045,-0.001,0.0005,1.0601,-0.007,0.0013,0.0023,0.0024,1,0,0.8747571428571429,0.878192,0.8715727272727273,53.98606279897718,-0.00048216684029300794,-0.00025078349444968733,15.814266810608684,0.002266357356402381,0.0015970796258271136
2025-12-16 00:00:00,0.8784,0.8796,0.8756,0.8784,0,0.0005,0.0005,1.0532,0.0532,0.0052,-0.0004,0.0017,0.0052,-0.0004,0.0017,1.0601,-0.0065,0.0012,0.0023,0.0024,1,0,0.8754000000000001,0.878236,0.8717090909090909,54.97881590463571,-0.00026194213544750156,-0.0002530152226492502,15.374728705673794,0.0022411133070090075,0.00045558086560348876
2025-12-17 00:00:00,0.8751,0.8796,0.875,0.8751,0,-0.0038,-0.0038,1.0492,0.0492,0.0018,-0.0009,-0.0078,0.0018,-0.0009,-0.0078,1.0601,-0.0103,0.0021,0.0024,0.0023,0,1,0.8756285714285715,0.8780040000000001,0.871841414141414,46.13531916138085,-0.00034966417996507015,-0.0002723450141124142,14.700229394455084,0.002382415154246588,-0.0037568306010928865
2025-12-18 00:00:00,0.8779,0.8787,0.8736,0.8779,0,0.0032,0.0031,1.0525,0.0525,0.0051,0.0021,-0.0033,0.0051,0.0021,-0.0033,1.0601,-0.0071,0.0024,0.0025,0.0023,1,0,0.8762714285714287,0.877804,0.8719747474747476,53.03780882724727,-0.00019104567718009058,-0.0002560851467259495,13.822167413119013,0.0024009070527519043,0.003199634327505363
2025-12-19 00:00:00,0.876,0.8773,0.875,0.876,0,-0.0022,-0.0022,1.0502,0.0502,0.0022,-0.0003,-0.0033,0.0022,-0.0003,-0.0033,1.0601,-0.0093,0.0026,0.0026,0.0023,0,1,0.8765571428571428,0.8774759999999999,0.8720171717171717,48.496392077826094,-0.00021616171428961994,-0.0002481004602386836,13.00682414473552,0.002401452769693229,-0.0021642556099783494
2025-12-22 00:00:00,0.8752,0.8753,0.8728,0.8751,0,-0.0009,-0.0009,1.0492,0.0492,0.0014,-0.004,-0.0037,0.0014,-0.004,-0.0037,1.0601,-0.0103,0.0026,0.0025,0.0023,0,1,0.8767285714285714,0.877176,0.8720575757575757,46.46674007888214,-0.00030517101157723214,-0.00025951457050639334,13.124344597655563,0.002312900527324504,-0.00102739726027401
2025-12-23 00:00:00,0.8734,0.8737,0.872,0.8734,0,-0.0019,-0.0019,1.0472,0.0472,-0.0036,-0.007,-0.0044,-0.0036,-0.007,-0.0044,1.0601,-0.0122,0.0024,0.0025,0.0024,0,1,0.8762714285714285,0.8768719999999999,0.8720858585858586,42.82119843481366,-0.000507042443793071,-0.0003090201451637289,13.5189788592577,0.002342371329330899,-0.0019426351274139941
2025-12-24 00:00:00,0.8728,0.8731,0.8719,0.8728,0,-0.0007,-0.0007,1.0464,0.0464,-0.0059,-0.0015,-0.0092,-0.006,-0.0015,-0.0092,1.0601,-0.0129,0.0022,0.0019,0.0022,0,1,0.8755285714285714,0.8765520000000001,0.8720838383838383,41.58124781829625,-0.0007072888087054086,-0.00038867387787206483,13.921829259131671,0.002343334879095933,-0.0006869704602701088
2025-12-26 00:00:00,0.8723,0.8735,0.8716,0.8723,0,-0.0006,-0.0006,1.0458,0.0458,-0.007,-0.0019,-0.0121,-0.0071,-0.0019,-0.0122,1.0601,-0.0135,0.0021,0.0019,0.0022,0,1,0.8746571428571428,0.876108,0.8721272727272726,40.52806237144022,-0.0008960027549049787,-0.0004901396532786477,14.072240210789937,0.002239049536035958,-0.0005728689275894538
2025-12-29 00:00:00,0.8721,0.8739,0.871,0.8722,0,-0.0001,-0.0001,1.0456,0.0456,-0.0034,-0.0016,-0.0136,-0.0034,-0.0016,-0.0137,1.0601,-0.0136,0.0018,0.0019,0.0021,0,1,0.8742428571428571,0.875736,0.8721868686868688,40.30816751792454,-0.0010416219121279768,-0.0006004361050485135,14.456153810044698,0.0022379251395502077,-0.0001146394589017774
2025-12-30 00:00:00,0.8714,0.8736,0.8702,0.8714,0,-0.0009,-0.0009,1.0447,0.0447,-0.0074,-0.0023,-0.0127,-0.0074,-0.0023,-0.0128,1.0601,-0.0145,0.0007,0.0019,0.0021,0,1,0.8733142857142856,0.875444,0.8722555555555555,38.50811112496253,-0.0012076583240590022,-0.0007218805488506113,15.130491339023038,0.002240640614966155,-0.000917220820912612
2025-12-31 00:00:00,0.8722,0.8745,0.8717,0.8722,0,0.001,0.001,1.0457,0.0457,-0.0042,-0.002,-0.0099,-0.0043,-0.0021,-0.01,1.0601,-0.0135,0.0009,0.0019,0.0021,1,0,0.8727714285714285,0.8751760000000001,0.8723313131313131,41.329714345676685,-0.0012601636801411464,-0.0008295371751087183,15.20152698613477,0.002138001553076078,0.0009180628873077801
2026-01-02 00:00:00,0.8721,0.8725,0.8701,0.872,0,-0.0002,-0.0002,1.0455,0.0455,-0.0035,-0.0021,-0.0099,-0.0035,-0.0021,-0.0099,1.0601,-0.0138,0.0009,0.0019,0.0021,0,1,0.8723285714285713,0.8749039999999999,0.8724313131313132,40.82536337649184,-0.0013028939314289056,-0.0009242085263727559,15.909847473028865,0.0021132389669457088,-0.00022930520522812525
2026-01-05 00:00:00,0.871,0.871,0.8661,0.871,0,-0.0012,-0.0012,1.0442,0.0442,-0.0028,-0.0064,-0.0141,-0.0028,-0.0064,-0.0142,1.0601,-0.015,0.0007,0.0017,0.002,0,1,0.8719857142857144,0.8747079999999999,0.8725323232323233,38.3081701658044,-0.0014012963342163731,-0.0010196260879414792,17.765710114379687,0.0016249954184945929,-0.0011467889908256534
2026-01-06 00:00:00,0.8656,0.8663,0.8644,0.8656,0,-0.0062,-0.0062,1.0377,0.0377,-0.0083,-0.0142,-0.018,-0.0083,-0.0143,-0.0182,1.0601,-0.0211,0.0023,0.0022,0.0023,0,1,0.8709571428571428,0.874292,0.8725535353535354,28.19757542724733,-0.001893192275611466,-0.0011943393254754766,19.874978445200547,0.0021109684563210963,-0.006199770378874758
2026-01-07 00:00:00,0.8657,0.8677,0.8653,0.8657,0,0.0002,0.0002,1.0379,0.0379,-0.0075,-0.0145,-0.0147,-0.0075,-0.0146,-0.0148,1.0601,-0.0209,0.0024,0.0022,0.0022,1,0,0.8700142857142857,0.873872,0.8725737373737373,28.57353002951956,-0.0022490287849595836,-0.001405277217372298,21.031997900763336,0.002115101940229819,0.0001155268022181577
2026-01-08 00:00:00,0.8676,0.869,0.8674,0.8676,0,0.0021,0.0021,1.0401,0.0401,-0.0053,-0.0087,-0.0129,-0.0053,-0.0087,-0.013,1.0601,-0.0188,0.0027,0.0022,0.0023,1,0,0.8693571428571428,0.873428,0.8726181818181818,35.48535730717515,-0.002350621163680233,-0.0015943460066338852,21.418282501047138,0.002195662108257234,0.0021947556890378195
2026-01-09 00:00:00,0.8676,0.8687,0.8665,0.8676,0,0.0,0.0,1.0401,0.0401,-0.0044,-0.0118,-0.0128,-0.0044,-0.0118,-0.0129,1.0601,-0.0188,0.0027,0.0019,0.0023,1,0,0.8688142857142858,0.8729480000000001,0.872641414141414,35.48535730717515,-0.002403428626624571,-0.0017561625306320226,22.040402255339277,0.002184246140267469,0.0
2026-01-12 00:00:00,0.8679,0.8691,0.8665,0.8678,0,0.0002,0.0002,1.0404,0.0404,-0.0051,-0.0093,-0.0093,-0.0051,-0.0094,-0.0093,1.0601,-0.0186,0.0026,0.0019,0.0022,1,0,0.8681857142857143,0.8726959999999999,0.8726656565656565,36.238604059536854,-0.002401458079055341,-0.0018852216403166865,22.400267463375343,0.0021876891863149253,0.0002305209774089434
2026-01-13 00:00:00,0.8664,0.867,0.8651,0.8664,0,-0.0016,-0.0016,1.0387,0.0387,-0.0065,-0.01,-0.011,-0.0065,-0.01,-0.0111,1.0601,-0.0202,0.0026,0.0019,0.0022,0,1,0.8673857142857143,0.872396,0.8726636363636363,33.307050268573505,-0.00248422807079951,-0.002005022926413251,23.157164825415244,0.00204698314060836,-0.0016132749481447828
2026-01-14 00:00:00,0.8672,0.8672,0.8656,0.8671,0,0.0008,0.0008,1.0396,0.0396,-0.0044,-0.0072,-0.0104,-0.0044,-0.0073,-0.0105,1.0601,-0.0194,0.0027,0.0019,0.0022,1,0,0.8668285714285714,0.87214,0.8727020202020203,36.0908877636964,-0.0024649256076840764,-0.002097003462667416,23.74284509417433,0.002010020020150839,0.000807940904893778
2026-01-15 00:00:00,0.8664,0.8678,0.8653,0.8664,0,-0.0008,-0.0008,1.0387,0.0387,0.001,-0.0073,-0.014,0.001,-0.0074,-0.0141,1.0601,-0.0201,0.0012,0.0019,0.0021,0,1,0.8669428571428571,0.87186,0.8727313131313131,34.53832245740088,-0.0024775527307966394,-0.002173113316293261,23.92718791370711,0.0019941438452838016,-0.0008072886633606613
2026-01-16 00:00:00,0.8675,0.8679,0.866,0.8675,0,0.0013,0.0013,1.04,0.04,0.0021,-0.0055,-0.0137,0.0021,-0.0055,-0.0138,1.0601,-0.0189,0.0013,0.002,0.0021,1,0,0.8671999999999999,0.8715999999999999,0.8727818181818182,38.9805416957459,-0.002371462269066593,-0.0022127831068479275,24.036733402470457,0.0019012898780358942,0.0012696214219760638
2026-01-19 00:00:00,0.8672,0.8686,0.8666,0.8672,0,-0.0003,-0.0003,1.0397,0.0397,-0.0004,-0.0057,-0.0079,-0.0004,-0.0057,-0.0079,1.0601,-0.0192,0.001,0.002,0.0018,0,1,0.8671428571428572,0.871332,0.872809090909091,38.21880785973319,-0.0022852493743314994,-0.002227276360344642,23.699627183005195,0.001699177396914526,-0.0003458213256485321
2026-01-20 00:00:00,0.8673,0.8729,0.867,0.8674,0,0.0001,0.0001,1.0399,0.0399,-0.0003,-0.0046,-0.0075,-0.0003,-0.0046,-0.0075,1.0601,-0.0191,0.001,0.002,0.0018,1,0,0.8671142857142857,0.8709640000000001,0.8728262626262625,39.07358796349583,-0.002175706515216147,-0.002216962391318943,22.712321111881614,0.0016681010479508635,0.00023062730627310124
2026-01-21 00:00:00,0.8724,0.8745,0.8708,0.8725,0,0.0059,0.0059,1.046,0.046,0.0054,0.0003,-0.0012,0.0054,0.0003,-0.0012,1.0601,-0.0133,0.0025,0.0026,0.0022,1,0,0.8677857142857144,0.8707440000000001,0.8729050505050504,55.84872940434193,-0.0016582503547670768,-0.0021052199840085697,22.370341562558995,0.00218598802241351,0.005879640304357947
2026-01-22 00:00:00,0.8699,0.8732,0.8693,0.8698,0,-0.0031,-0.0031,1.0428,0.0428,0.0039,-0.0026,-0.0042,0.0039,-0.0026,-0.0042,1.0601,-0.0163,0.0028,0.0027,0.0022,0,1,0.8682714285714285,0.8704,0.8729111111111111,48.27121019661221,-0.001449323159489313,-0.0019740406191047183,21.356226684768703,0.0022500400922515792,-0.0030945558739255974
2026-01-23 00:00:00,0.8706,0.8709,0.8657,0.8706,0,0.0009,0.0009,1.0437,0.0437,0.004,-0.0004,-0.0039,0.004,-0.0004,-0.0039,1.0601,-0.0154,0.0028,0.0027,0.0022,1,0,0.8687714285714285,0.8702199999999999,0.8729424242424243,50.417806565377475,-0.0012052995944199507,-0.001820292414167765,20.60766008394895,0.0022605506790619122,0.0009197516670498285
2026-01-26 00:00:00,0.8679,0.8685,0.8668,0.8679,0,-0.0031,-0.0031,1.0405,0.0405,0.0017,0.0027,-0.0069,0.0017,0.0027,-0.0069,1.0601,-0.0185,0.0031,0.0022,0.0023,0,1,0.8689857142857144,0.86982,0.8729515151515151,43.8100996221832,-0.0012157620480615083,-0.0016993863409465139,19.91256252604489,0.0023556893953660635,-0.003101309441764344
2026-01-27 00:00:00,0.8682,0.8698,0.867,0.8682,0,0.0004,0.0004,1.0409,0.0409,0.0008,0.0029,-0.0096,0.0008,0.0029,-0.0096,1.0601,-0.0181,0.003,0.0022,0.0022,1,0,0.8690857142857144,0.8695080000000001,0.8729535353535353,44.67767933745771,-0.0011861726650392868,-0.0015967436057650686,18.723147867646905,0.0023593290435744377,0.0003456619426200902
2026-01-28 00:00:00,0.8695,0.8696,0.8658,0.8693,0,0.0012,0.0012,1.0422,0.0422,0.0023,0.0019,-0.01,0.0023,0.0019,-0.01,1.0601,-0.0169,0.0031,0.0022,0.0022,1,0,0.8693857142857143,0.8692759999999999,0.8729636363636364,47.85678557534711,-0.0010617231750356115,-0.0014897395196191772,18.060337638819753,0.002376197780559004,0.0012669891730014982
2026-01-29 00:00:00,0.8663,0.8671,0.865,0.8663,0,-0.0034,-0.0034,1.0386,0.0386,-0.0012,-0.0015,-0.0138,-0.0012,-0.0015,-0.0139,1.0601,-0.0203,0.0034,0.0024,0.0023,0,1,0.8692285714285715,0.8689920000000001,0.8729717171717172,40.94597319884371,-0.0011914368432659472,-0.0014300789843485315,17.728661933990868,0.002474733229899634,-0.0034510525710341744
2026-01-30 00:00:00,0.8666,0.8674,0.8656,0.8667,0,0.0004,0.0004,1.039,0.039,-0.0067,-0.0013,-0.0097,-0.0067,-0.0013,-0.0097,1.0601,-0.0199,0.0021,0.0024,0.0022,1,0,0.8684,0.868748,0.8729919191919191,42.145597920738695,-0.001247577901358099,-0.0013935787677504452,17.279636029557782,0.002481123124605706,0.0004617338104584423
2026-02-02 00:00:00,0.8661,0.8673,0.8644,0.8662,0,-0.0005,-0.0005,1.0385,0.0385,-0.0042,-0.0002,-0.0133,-0.0042,-0.0002,-0.0134,1.0601,-0.0204,0.0019,0.0024,0.0021,0,1,0.8678857142857143,0.868504,0.8730111111111111,41.02377022494776,-0.001317231688736764,-0.0013783093519477091,17.30398206495135,0.002474171471679671,-0.000576900888427434
2026-02-03 00:00:00,0.8629,0.8636,0.8619,0.8629,0,-0.0038,-0.0039,1.0345,0.0345,-0.0089,-0.0049,-0.0149,-0.0089,-0.0049,-0.0151,1.0601,-0.0241,0.0021,0.0025,0.0021,0,1,0.8667857142857143,0.8681320000000001,0.8729888888888889,34.49718245589895,-0.0016200404202870722,-0.0014266555656155817,18.122958853963983,0.0022172413432517022,-0.0038097437081504593
2026-02-04 00:00:00,0.8626,0.8645,0.8613,0.8626,0,-0.0003,-0.0003,1.0341,0.0341,-0.0061,-0.0044,-0.0143,-0.0061,-0.0044,-0.0144,1.0601,-0.0245,0.002,0.0025,0.0021,0,1,0.8660285714285714,0.8677799999999999,0.8729666666666667,33.96811139040892,-0.0018627533533218665,-0.0015138751231568387,18.424887489660158,0.0022166984589677553,-0.00034766485108350675
2026-02-05 00:00:00,0.8648,0.8719,0.8645,0.8649,0,0.0027,0.0027,1.0369,0.0369,-0.0038,-0.003,-0.0098,-0.0038,-0.003,-0.0098,1.0601,-0.0218,0.0024,0.0026,0.0022,1,0,0.8655571428571428,0.867488,0.872921212121212,41.38968054252403,-0.0018482093167726532,-0.0015807419618800017,18.18881149966692,0.0022455762717463372,0.002666357523765317
2026-02-06 00:00:00,0.871,0.8713,0.8673,0.871,0,0.0071,0.007,1.0442,0.0442,0.002,0.0043,-0.0021,0.002,0.0043,-0.0021,1.0601,-0.015,0.0037,0.0033,0.0026,1,0,0.8658,0.867448,0.8729555555555556,55.632442669351725,-0.0013291425152966996,-0.0015304220725633414,17.96959808038748,0.0027647156424840317,0.00705283847843674
2026-02-09 00:00:00,0.869,0.874,0.8676,0.8689,0,-0.0024,-0.0024,1.0417,0.0417,0.003,0.0018,-0.0039,0.003,0.0018,-0.0039,1.0601,-0.0173,0.0036,0.0034,0.0026,0,1,0.8661714285714286,0.867364,0.8729474747474748,51.03455256198204,-0.0010748406906041508,-0.0014393057961715034,18.461603928717068,0.0028255675481022014,-0.002411021814006875
2026-02-10 00:00:00,0.87,0.872,0.8687,0.8699,0,0.0012,0.0012,1.0429,0.0429,0.0038,-0.003,-0.0026,0.0037,-0.003,-0.0026,1.0601,-0.0162,0.0036,0.0029,0.0026,1,0,0.8666285714285714,0.8675360000000001,0.8729303030303031,53.02549216405539,-0.0007835803927327412,-0.001308160715483751,18.918466502165966,0.0028065858040270965,0.00115088042352407
2026-02-11 00:00:00,0.8718,0.8723,0.8684,0.8719,0,0.0023,0.0023,1.0454,0.0454,0.0066,0.0024,0.0006,0.0066,0.0024,0.0006,1.0601,-0.0139,0.0036,0.0029,0.0027,1,0,0.8674428571428571,0.867784,0.8729181818181817,56.80805217423682,-0.0003869111520330426,-0.0011239108027936095,19.212769553236605,0.0028430076383679634,0.002299114840786265
2026-02-12 00:00:00,0.8716,0.8716,0.8694,0.8717,0,-0.0003,-0.0003,1.045,0.045,0.0102,0.0012,-0.0007,0.0101,0.0012,-0.0007,1.0601,-0.0142,0.003,0.0029,0.0026,0,1,0.8687000000000001,0.867948,0.87289898989899,56.319660446486886,-8.767557995170705e-05,-0.000916663758225229,19.4860509578022,0.0028342998471680815,-0.00022938410368156248
2026-02-13 00:00:00,0.8715,0.8721,0.8698,0.8714,0,-0.0003,-0.0003,1.0448,0.0448,0.0103,0.0041,-0.0007,0.0102,0.0041,-0.0007,1.0601,-0.0145,0.003,0.0027,0.0026,0,1,0.8699571428571428,0.8680999999999999,0.8728828282828281,55.548216347044004,0.00012383577230523635,-0.000708563852119136,19.890373190349404,0.0028284715727200558,-0.00034415509923146903
2026-02-16 00:00:00,0.8695,0.87,0.8687,0.8695,0,-0.0022,-0.0022,1.0424,0.0424,0.0053,0.0015,-0.0017,0.0053,0.0015,-0.0017,1.0601,-0.0166,0.0032,0.0028,0.0027,0,1,0.8706142857142858,0.868168,0.8728323232323232,50.80205254448613,0.00013657160928925993,-0.0005395367598374569,19.721109928897054,0.002877388932863352,-0.002180399357355811
2026-02-17 00:00:00,0.8695,0.8748,0.8693,0.8695,0,0.0,0.0,1.0425,0.0425,-0.0017,0.0003,0.0046,-0.0017,0.0003,0.0046,1.0601,-0.0166,0.0017,0.0028,0.0024,1,0,0.8704000000000001,0.868292,0.8727969696969696,50.80205254448613,0.0001449934575328271,-0.00040263071636340014,20.87541278811258,0.00287745343751914,0.0
2026-02-18 00:00:00,0.8737,0.8738,0.8716,0.8737,0,0.0048,0.0048,1.0475,0.0475,0.0055,0.0085,0.0092,0.0055,0.0085,0.0092,1.0601,-0.0119,0.0023,0.0029,0.0026,1,0,0.8710857142857142,0.868556,0.8728030303030303,59.64229409584726,0.000484982159631997,-0.00022510814116432075,21.947265443098427,0.00277473744139533,0.004830362277170819
2026-02-19 00:00:00,0.8734,0.8751,0.8731,0.8734,0,-0.0003,-0.0003,1.0472,0.0472,0.0041,0.0078,0.0068,0.0041,0.0078,0.0068,1.0601,-0.0122,0.0023,0.0029,0.0025,0,1,0.8715857142857144,0.868836,0.8728080808080808,58.829152113242245,0.0007218965882326289,-3.5707195284930834e-05,23.24186562487352,0.0026759073954902963,-0.00034336728854311716
2026-02-20 00:00:00,0.8743,0.8748,0.8725,0.8742,0,0.0009,0.0009,1.0481,0.0481,0.0026,0.0093,0.0077,0.0026,0.0093,0.0077,1.0601,-0.0113,0.0022,0.0029,0.0025,1,0,0.8719142857142858,0.8691040000000001,0.8728464646464646,60.38038055790805,0.0009631042278684943,0.00016405508934575418,24.129223461091346,0.002675854601705606,0.0009159606136937004
2026-02-23 00:00:00,0.8744,0.8749,0.8727,0.8745,0,0.0002,0.0002,1.0484,0.0484,0.0032,0.0134,0.0077,0.0032,0.0133,0.0077,1.0601,-0.011,0.0021,0.0026,0.0025,1,0,0.8723142857142856,0.869396,0.8728727272727272,60.97419905946248,0.0011650406494878585,0.00036425220137417506,24.979002198592006,0.002559864900494817,0.00034317089910773646
2026-02-24 00:00:00,0.8738,0.8743,0.8707,0.8738,0,-0.0008,-0.0008,1.0476,0.0476,0.0027,0.013,0.0085,0.0027,0.0129,0.0085,1.0601,-0.0118,0.0022,0.0026,0.0025,0,1,0.8726571428571429,0.8696520000000001,0.8728929292929294,58.761129675164916,0.0012541356732694853,0.0005422288957532371,24.719780672851552,0.0025735127787210603,-0.0008004574042310697
2026-02-25 00:00:00,0.8724,0.8731,0.871,0.8723,0,-0.0016,-0.0016,1.0458,0.0458,0.0033,0.0086,0.006,0.0033,0.0086,0.006,1.0601,-0.0134,0.0021,0.0026,0.0025,0,1,0.8730571428571429,0.869644,0.8729323232323232,54.21978350844986,0.00118998920274771,0.0006717809571521316,24.479074970378274,0.0026023292171889535,-0.0017166399633784524
2026-02-26 00:00:00,0.8714,0.8734,0.8711,0.8714,0,-0.0011,-0.0011,1.0447,0.0447,0.0022,0.0005,0.0058,0.0022,0.0005,0.0057,1.0601,-0.0145,0.0021,0.0019,0.0025,0,1,0.8733285714285713,0.8697079999999999,0.8729636363636364,51.64094251641867,0.001054375994188006,0.0007482999645593066,24.359064346449152,0.002478149247933409,-0.0010317551301157746
2026-02-27 00:00:00,0.8748,0.8787,0.8746,0.8748,0,0.0039,0.0039,1.0488,0.0488,0.0012,0.0067,0.0084,0.0012,0.0067,0.0083,1.0601,-0.0107,0.0018,0.002,0.0026,1,0,0.8734857142857143,0.869876,0.8730343434343435,59.48141367134134,0.0012073357197416312,0.0008401071155957715,25.678856042081065,0.0026062937682034327,0.0039017672710581763
2026-03-02 00:00:00,0.8771,0.8787,0.8729,0.8771,0,0.0026,0.0026,1.0515,0.0515,0.0041,0.0082,0.0113,0.0041,0.0082,0.0113,1.0601,-0.0081,0.002,0.0021,0.0027,1,0,0.8740142857142857,0.870244,0.8731131313131313,63.76163767983562,0.0014968929324148394,0.0009714642789595853,26.064930070674944,0.002637029891376059,0.002629172382258682
2026-03-03 00:00:00,0.8721,0.8738,0.8699,0.8721,0,-0.0056,-0.0056,1.0456,0.0456,-0.0024,0.0002,0.0055,-0.0024,0.0002,0.0055,1.0601,-0.0137,0.0031,0.0026,0.0029,0,1,0.8737142857142857,0.8704000000000001,0.8731343434343435,51.11937987062183,0.0013078349886983531,0.001038738420907339,25.157332087595172,0.0028312759299419597,-0.005700604264051945
2026-03-04 00:00:00,0.8695,0.8712,0.8686,0.8696,0,-0.0029,-0.0029,1.0426,0.0426,-0.0056,-0.0024,-0.0033,-0.0056,-0.0024,-0.0033,1.0601,-0.0165,0.0032,0.0027,0.0027,0,1,0.8730142857142857,0.8704120000000001,0.8731555555555555,46.18819937886912,0.0009453783662570769,0.0010200664099772865,23.833941572657075,0.0029269813656564933,-0.0028666437335167494
2026-03-05 00:00:00,0.8702,0.871,0.8686,0.8702,0,0.0007,0.0007,1.0433,0.0433,-0.0041,-0.0014,0.0005,-0.0041,-0.0014,0.0005,1.0601,-0.0158,0.0033,0.0027,0.0027,1,0,0.8724999999999999,0.870568,0.873148484848485,47.49721135079144,0.0006984920852418641,0.0009557515450302021,22.60507895164313,0.002879713346882347,0.0006899724011038
2026-03-06 00:00:00,0.869,0.8692,0.8658,0.869,0,-0.0014,-0.0014,1.0418,0.0418,-0.0038,-0.0006,-0.0018,-0.0038,-0.0006,-0.0018,1.0601,-0.0172,0.0033,0.0027,0.0027,0,1,0.8720285714285715,0.87066,0.8731505050505051,45.13254124597132,0.00040137614330404414,0.0008448764646849706,21.50035052973547,0.002421231032930728,-0.0013789933348655747
2026-03-09 00:00:00,0.8661,0.8676,0.8646,0.8662,0,-0.0032,-0.0032,1.0385,0.0385,-0.0059,-0.0038,-0.0019,-0.0059,-0.0038,-0.0019,1.0601,-0.0203,0.0034,0.0028,0.0027,0,1,0.8712857142857143,0.8706599999999999,0.8731111111111112,40.11418086681754,-5.9342912553828064e-05,0.0006640325892372109,20.84759982867499,0.0024681005194481967,-0.003222094361334915
2026-03-10 00:00:00,0.8653,0.8661,0.8642,0.8653,0,-0.0011,-0.0011,1.0374,0.0374,-0.0108,-0.0096,-0.0033,-0.0109,-0.0096,-0.0033,1.0601,-0.0214,0.0027,0.0024,0.0027,0,1,0.8699285714285715,0.870756,0.8730808080808081,38.62743384614223,-0.0004914237350914785,0.00043294132437147304,20.36536243460109,0.0024557700320565067,-0.001039021011313812
2026-03-11 00:00:00,0.8652,0.8656,0.8626,0.8652,0,-0.0002,-0.0002,1.0373,0.0373,-0.0135,-0.0095,-0.0047,-0.0136,-0.0095,-0.0047,1.0601,-0.0215,0.0021,0.0024,0.0027,0,1,0.8682285714285713,0.8708600000000001,0.8730464646464646,38.45688240373079,-0.0008323255335457302,0.00017988795278803238,20.39958780654704,0.0023814519796662454,-0.00011556685542579714
2026-03-12 00:00:00,0.8625,0.8637,0.8618,0.8626,0,-0.003,-0.003,1.0342,0.0342,-0.0109,-0.0133,-0.0043,-0.011,-0.0134,-0.0043,1.0601,-0.0245,0.0015,0.0024,0.0026,0,1,0.8668714285714286,0.8707679999999999,0.8729929292929294,34.225629228647506,-0.0012973360533200529,-0.00011555684843358468,20.66082154928024,0.0024518718235428745,-0.0030050855293572987
2026-03-13 00:00:00,0.8628,0.8653,0.8621,0.8628,0,0.0003,0.0003,1.0344,0.0344,-0.0078,-0.0133,-0.0044,-0.0078,-0.0134,-0.0044,1.0601,-0.0242,0.0015,0.0024,0.0026,1,0,0.8659,0.87044,0.8729262626262625,34.819719572230156,-0.001630921662222229,-0.00041862981119131356,20.191108099982298,0.002457444027364918,0.00023185717597962174
2026-03-16 00:00:00,0.8632,0.8649,0.8625,0.8631,0,0.0004,0.0004,1.0348,0.0348,-0.0081,-0.0122,-0.0035,-0.0082,-0.0123,-0.0036,1.0601,-0.0239,0.0015,0.0024,0.0026,1,0,0.8648857142857143,0.8702080000000001,0.872839393939394,35.757059558970525,-0.0018497602827327597,-0.0007048559054996028,19.754945611348496,0.00243095261213154,0.0003477051460361036
2026-03-17 00:00:00,0.8636,0.8645,0.8631,0.8636,0,0.0006,0.0006,1.0354,0.0354,-0.0062,-0.01,0.0009,-0.0062,-0.01,0.0009,1.0601,-0.0233,0.0016,0.0025,0.0025,1,0,0.8641142857142857,0.869956,0.8727444444444445,37.37354639403846,-0.0019602491132439948,-0.0009559345470484812,19.34993758618854,0.0024389875555137597,0.0005793071486501766
2026-03-18 00:00:00,0.8637,0.865,0.8628,0.8638,0,0.0002,0.0002,1.0356,0.0356,-0.0029,-0.0088,0.0014,-0.0029,-0.0088,0.0014,1.0601,-0.0231,0.0013,0.0025,0.0025,1,0,0.8637714285714286,0.869632,0.8726484848484849,38.04507921274585,-0.0020085209991060893,-0.001166451837460003,18.725973548271202,0.0021223588244095935,0.00023158869847139663
2026-03-19 00:00:00,0.8641,0.8648,0.8611,0.8642,0,0.0005,0.0005,1.0361,0.0361,-0.0013,-0.0121,-0.0008,-0.0013,-0.0122,-0.0008,1.0601,-0.0227,0.0013,0.0021,0.0025,1,0,0.8636142857142858,0.869332,0.8725111111111111,39.44364792132894,-0.001991542892598064,-0.0013314700484876154,18.7864462205709,0.0021344669359391858,0.0004630701551284755
2026-03-20 00:00:00,0.8623,0.8677,0.8615,0.8623,0,-0.0022,-0.0022,1.0338,0.0338,-0.0034,-0.0169,-0.01,-0.0034,-0.017,-0.0101,1.0601,-0.0248,0.0015,0.0019,0.0021,0,1,0.8632000000000001,0.868968,0.8723393939393941,35.36041927133546,-0.002107112263367017,-0.0014865984914634958,17.514608396354753,0.0021372509334677933,-0.0021985651469567102
2026-03-23 00:00:00,0.8672,0.8678,0.8632,0.8671,0,0.0056,0.0056,1.0396,0.0396,0.0052,-0.0058,-0.0021,0.0052,-0.0058,-0.0021,1.0601,-0.0194,0.0023,0.0022,0.0024,1,0,0.8638428571428571,0.868872,0.8722151515151515,49.565065126221185,-0.0017907394084041295,-0.0015474266748516225,16.29220775296289,0.0025487562658240695,0.0055665081758089485
2026-03-24 00:00:00,0.8645,0.8657,0.8638,0.8646,0,-0.0029,-0.0029,1.0366,0.0366,0.0021,-0.0058,-0.0061,0.002,-0.0058,-0.0061,1.0601,-0.0222,0.0027,0.0022,0.0024,0,1,0.8641,0.868676,0.8720838383838383,44.126160150289316,-0.0017218918507162506,-0.0015823197100245483,15.157121441241879,0.0026069282454787976,-0.0028831737977164096
2026-03-25 00:00:00,0.8657,0.8667,0.8648,0.8657,0,0.0013,0.0013,1.0379,0.0379,0.003,-0.0052,-0.0072,0.003,-0.0052,-0.0072,1.0601,-0.0209,0.0027,0.0023,0.0024,1,0,0.8644714285714287,0.868356,0.871970707070707,46.88780241870086,-0.0015605794696135211,-0.001577971661942343,14.493502801690507,0.002620707405266587,0.0012722646310432406
2026-03-26 00:00:00,0.8651,0.8662,0.8638,0.8651,0,-0.0007,-0.0007,1.0372,0.0372,0.0017,-0.0045,-0.0075,0.0017,-0.0045,-0.0075,1.0601,-0.0216,0.0028,0.0022,0.0024,0,1,0.8646857142857142,0.868024,0.8718,45.564885903307015,-0.0014642739918879766,-0.0015552321279314698,13.515554290199342,0.002617342062064731,-0.0006930807439067266
2026-03-27 00:00:00,0.8649,0.8674,0.8647,0.8649,0,-0.0002,-0.0002,1.037,0.037,0.0014,-0.0015,-0.0075,0.0014,-0.0015,-0.0075,1.0601,-0.0218,0.0028,0.0021,0.0024,0,1,0.8648428571428572,0.867652,0.8716393939393939,45.10801895251981,-0.0013880885151298372,-0.0015218034053711435,13.034858806746087,0.002418821685986257,-0.00023118714599468237
