Date,Open,High,Low,Close,Volume,MA7,MA25,MA99,RSI,MACD,MACD_signal,ADX,Volatility,returns
2024-09-29,0.02529,0.02608,0.02458,0.02516,12432308.0,0.022924285714285713,0.0241768,0.037057373737373736,57.9768286214558,0.00029473539179666886,9.214480663204132e-05,0.0,0.035640103176837634,
2024-09-30,0.02519,0.02522,0.02351,0.02375,11945104.0,0.022924285714285713,0.0241768,0.037057373737373736,57.9768286214558,0.00029473539179666886,9.214480663204132e-05,0.0,0.035640103176837634,-0.05604133545310008
2024-10-01,0.02374,0.02423,0.02207,0.02287,36912602.0,0.022924285714285713,0.0241768,0.037057373737373736,57.9768286214558,0.00029473539179666886,9.214480663204132e-05,0.0,0.035640103176837634,-0.03705263157894734
2024-10-02,0.02287,0.0238,0.02183,0.02194,25211446.0,0.022924285714285713,0.0241768,0.037057373737373736,57.9768286214558,0.00029473539179666886,9.214480663204132e-05,0.0,0.035640103176837634,-0.04066462614779187
2024-10-03,0.02195,0.02264,0.02135,0.02171,17381010.0,0.022924285714285713,0.0241768,0.037057373737373736,57.9768286214558,0.00029473539179666886,9.214480663204132e-05,0.0,0.035640103176837634,-0.010483135824977285
2024-10-04,0.02171,0.02264,0.02157,0.02252,8393928.0,0.022924285714285713,0.0241768,0.037057373737373736,57.9768286214558,0.00029473539179666886,9.214480663204132e-05,0.0,0.035640103176837634,0.03730999539382762
2024-10-05,0.02253,0.02273,0.02225,0.02252,4195467.0,0.022924285714285713,0.0241768,0.037057373737373736,57.9768286214558,0.00029473539179666886,9.214480663204132e-05,0.0,0.035640103176837634,0.0
2024-10-06,0.0225,0.02283,0.02227,0.02281,4687440.0,0.02258857142857143,0.0241768,0.037057373737373736,57.9768286214558,0.00029473539179666886,9.214480663204132e-05,0.0,0.035640103176837634,0.012877442273534712
2024-10-07,0.02281,0.02484,0.02271,0.02383,52797558.0,0.0226,0.0241768,0.037057373737373736,57.9768286214558,0.00029473539179666886,9.214480663204132e-05,0.0,0.035640103176837634,0.04471722928540123
2024-10-08,0.02384,0.02743,0.02315,0.02478,158867457.0,0.02287285714285714,0.0241768,0.037057373737373736,57.9768286214558,0.00029473539179666886,9.214480663204132e-05,0.0,0.035640103176837634,0.039865715484683095
2024-10-09,0.02478,0.02604,0.02312,0.02338,52107521.0,0.023078571428571427,0.0241768,0.037057373737373736,57.9768286214558,0.00029473539179666886,9.214480663204132e-05,0.0,0.035640103176837634,-0.05649717514124286
2024-10-10,0.02339,0.02352,0.02264,0.02324,23027450.0,0.023297142857142857,0.0241768,0.037057373737373736,57.9768286214558,0.00029473539179666886,9.214480663204132e-05,0.0,0.035640103176837634,-0.005988023952095856
2024-10-11,0.02328,0.02422,0.02274,0.02408,25103879.0,0.023520000000000003,0.0241768,0.037057373737373736,57.9768286214558,0.00029473539179666886,9.214480663204132e-05,0.0,0.035640103176837634,0.03614457831325302
2024-10-12,0.02411,0.0274,0.02411,0.02508,88790950.0,0.023885714285714288,0.0241768,0.037057373737373736,57.9768286214558,0.00029473539179666886,9.214480663204132e-05,0.0,0.035640103176837634,0.04152823920265791
2024-10-13,0.02504,0.02712,0.02382,0.02445,31097033.0,0.02412,0.0241768,0.037057373737373736,52.56946644156924,0.00029473539179666886,9.214480663204132e-05,0.0,0.035640103176837634,-0.02511961722488043
2024-10-14,0.02443,0.02515,0.024,0.02492,34783951.0,0.02427571428571429,0.0241768,0.037057373737373736,55.87582248625301,0.00029473539179666886,9.214480663204132e-05,0.0,0.035640103176837634,0.019222903885480536
2024-10-15,0.02492,0.02534,0.02379,0.02461,62686522.0,0.02425142857142857,0.0241768,0.037057373737373736,53.23964134435394,0.00029473539179666886,9.214480663204132e-05,0.0,0.035640103176837634,-0.01243980738362771
2024-10-16,0.0246,0.02466,0.02422,0.02445,11805355.0,0.024404285714285715,0.0241768,0.037057373737373736,51.87917637112778,0.00029473539179666886,9.214480663204132e-05,0.0,0.035640103176837634,-0.006501422186103278
2024-10-17,0.02445,0.0272,0.02424,0.02556,150599717.0,0.024735714285714284,0.0241768,0.037057373737373736,59.59340010553353,0.00029473539179666886,9.214480663204132e-05,0.0,0.035640103176837634,0.04539877300613493
2024-10-18,0.02556,0.0289,0.02547,0.0267,100631577.0,0.02511,0.0241768,0.037057373737373736,65.678788999892,0.00029473539179666886,9.214480663204132e-05,0.0,0.035640103176837634,0.04460093896713624
2024-10-19,0.0267,0.02693,0.02565,0.02575,25980625.0,0.025205714285714283,0.0241768,0.037057373737373736,57.858756417478844,0.00029473539179666886,9.214480663204132e-05,0.0,0.035640103176837634,-0.035580524344569375
2024-10-20,0.02575,0.02609,0.02524,0.02604,13778829.0,0.025432857142857146,0.0241768,0.037057373737373736,59.446114728432406,0.00029473539179666886,9.214480663204132e-05,0.0,0.03297229631246477,0.011262135922330163
2024-10-21,0.02604,0.02604,0.02485,0.02499,18957699.0,0.02544285714285714,0.0241768,0.037057373737373736,51.83318985964308,0.00029473539179666886,9.214480663204132e-05,0.0,0.03319979591988019,-0.040322580645161366
2024-10-22,0.02495,0.02523,0.02461,0.02501,6588533.0,0.0255,0.0241768,0.037057373737373736,51.95939061552931,0.00029473539179666886,9.214480663204132e-05,0.0,0.03144877917328605,0.0008003201280513128
2024-10-23,0.02503,0.02559,0.0238,0.02427,11821344.0,0.025474285714285717,0.0241768,0.037057373737373736,47.04761938968413,0.00029473539179666886,9.214480663204132e-05,0.0,0.03228800730931048,-0.029588164734106415
2024-10-24,0.02426,0.02644,0.02396,0.02586,58331037.0,0.025517142857142856,0.0242048,0.037057373737373736,56.551463822888266,0.00029473539179666886,9.214480663204132e-05,0.0,0.03427806751989767,0.06551297898640307
2024-10-25,0.02587,0.02885,0.02433,0.02509,256883616.0,0.02528714285714286,0.0242584,0.037057373737373736,51.71112157336811,0.0002732351548787905,9.214480663204132e-05,0.0,0.03525345510495009,-0.02977571539056456
2024-10-26,0.02509,0.02669,0.0247,0.02505,33064648.0,0.025187142857142856,0.024345600000000002,0.037057373737373736,51.46469046280436,0.00025008556578496807,9.214480663204132e-05,42.379861490427565,0.03525350972022986,-0.0015942606616182742
2024-10-27,0.02505,0.02541,0.02425,0.02476,17149407.0,0.02500428571428571,0.0244584,0.037057373737373736,49.618494283410165,0.00020596454224098074,9.214480663204132e-05,42.358328030241225,0.03416989900271127,-0.011576846307385202
2024-10-28,0.02474,0.02487,0.0228,0.02413,28455679.0,0.024881428571428575,0.0245552,0.037057373737373736,45.77665027081207,0.00011879320422513578,9.214480663204132e-05,41.09067138063027,0.033522376154025854,-0.025444264943457306
2024-10-29,0.02412,0.02521,0.02365,0.0248,19292557.0,0.024851428571428573,0.024646400000000002,0.037057373737373736,50.19339241517435,0.00010259009661471585,9.214480663204132e-05,40.07570300132374,0.03138028746809616,0.02776626605884802
2024-10-30,0.02483,0.02486,0.02414,0.02435,13940341.0,0.02486285714285714,0.0247196,0.037057373737373736,47.40070154118842,5.2828800377324736e-05,9.214480663204132e-05,39.133232363396246,0.03168825738585114,-0.01814516129032251
2024-10-31,0.02435,0.02572,0.02343,0.02386,55969685.0,0.024577142857142856,0.0247616,0.037057373737373736,44.497481222873326,-2.5848326878494948e-05,9.214480663204132e-05,38.68196295360442,0.031064376062366603,-0.020123203285420943
2024-11-01,0.02382,0.02449,0.02306,0.02381,31066843.0,0.024394285714285712,0.0247608,0.037057373737373736,44.19998874318414,-9.118398695779836e-05,9.214480663204132e-05,37.91911560819653,0.02948598194521859,-0.002095557418273164
2024-11-02,0.02379,0.02434,0.02286,0.02299,19121470.0,0.024100000000000003,0.024689199999999998,0.037057373737373736,39.53211457722253,-0.00020674686608593978,3.23664720884451e-05,37.02185606315038,0.029937655119891552,-0.03443931121377575
2024-11-03,0.023,0.0236,0.02168,0.02224,31732738.0,0.02374,0.0246436,0.037057373737373736,35.80733113408503,-0.0003547605535386307,-4.505893303697006e-05,35.14963625351546,0.03018733348490593,-0.032622879512831715
2024-11-04,0.0222,0.0265,0.02186,0.02333,284864270.0,0.023625714285714285,0.024647199999999998,0.037057373737373736,44.05716779802196,-0.00037973127101822296,-0.00011199340063322065,34.90801010787397,0.03245839013613663,0.04901079136690645
2024-11-05,0.02333,0.02422,0.02286,0.02395,83521889.0,0.023504285714285717,0.024642,0.037057373737373736,48.13983244795388,-0.0003455091121088612,-0.00015869654292834876,34.68364297263545,0.03306326395173444,0.026575225032147376
2024-11-06,0.02399,0.02556,0.02374,0.02543,86213961.0,0.023658571428571425,0.024655999999999997,0.037057373737373736,56.332292951984556,-0.00019669677550342157,-0.00016629658944336334,35.02035176965592,0.034436525681376215,0.06179540709812126
2024-11-07,0.02545,0.02591,0.02456,0.02568,41300118.0,0.023918571428571428,0.0247052,0.037057373737373736,57.552123176060505,-5.7921334852398254e-05,-0.00014462153852517034,35.46502628282487,0.03292693922558825,0.009830908375934033
2024-11-08,0.02569,0.0267,0.02522,0.02584,57682698.0,0.02420857142857143,0.024741999999999997,0.037057373737373736,58.35394437452884,6.42294671944453e-05,-0.00010285133738124722,36.16758091403998,0.03195815200678343,0.006230529595015355
2024-11-09,0.02583,0.02628,0.02507,0.02623,23379929.0,0.02467142857142857,0.0248068,0.037057373737373736,60.32140977030366,0.00019031081390129267,-4.421890712473923e-05,36.675524138847486,0.0320364677303983,0.015092879256966008
2024-11-10,0.02626,0.0435,0.02561,0.03654,1304399355.0,0.026714285714285715,0.025290399999999998,0.037057373737373736,83.07926193662885,0.001109373854040266,0.0001864996451082618,39.70941704020148,0.09240891790366318,0.39306138009912317
2024-11-11,0.03654,0.0487,0.03413,0.03798,1272890810.0,0.028807142857142858,0.0257872,0.037057373737373736,84.42309328466902,0.0019316668472654924,0.000535533085539708,42.780646394706274,0.09233469132069315,0.039408866995073843
2024-11-12,0.03798,0.03975,0.03188,0.03336,502011250.0,0.030151428571428572,0.0260536,0.037057373737373736,66.24518363776332,0.002185353188427535,0.0008654971061172734,44.671547868585264,0.09732918413549899,-0.12164296998420221
2024-11-13,0.03334,0.03345,0.02967,0.0312,164647010.0,0.03097571428571429,0.026271600000000003,0.037057373737373736,59.7658244845769,0.0021868982911792435,0.0011297773431296675,45.55379769116939,0.09846385982303703,-0.06474820143884896
2024-11-14,0.03121,0.0345,0.02927,0.03153,235062365.0,0.031811428571428574,0.0264912,0.037057373737373736,60.403037286055145,0.0021895117102447813,0.0013417242165526904,46.48248056829738,0.09794620108678602,0.010576923076923261
2024-11-15,0.03155,0.03488,0.03097,0.03446,355645141.0,0.033042857142857145,0.02687,0.037057373737373736,65.61078578321245,0.0024003397541252462,0.0015534473240672018,47.385402003349036,0.09935606368841121,0.09292737075800805
2024-11-16,0.03444,0.03925,0.03356,0.03712,367036027.0,0.03459857142857143,0.027354399999999997,0.037057373737373736,69.52888295523424,0.0027503578539845863,0.0017928294300506788,48.64750912850569,0.0998493273618046,0.07719094602437626
2024-11-17,0.03713,0.04,0.03346,0.03402,161755635.0,0.03423857142857143,0.027744400000000002,0.037057373737373736,60.83049031032552,0.00274595200226202,0.001983453944492947,49.88466154368036,0.10219507568254037,-0.08351293103448276
2024-11-18,0.03404,0.03613,0.03364,0.0354,140589169.0,0.03387,0.028126,0.037057373737373736,63.046787670001606,0.002821292693906595,0.0021510216943756767,51.033445929199694,0.10227570986846578,0.040564373897707284
2024-11-19,0.0354,0.03552,0.03349,0.03411,61804406.0,0.03397714285714286,0.0284868,0.037057373737373736,59.64913225515208,0.0027452628347232125,0.002269869922445184,52.02878501960192,0.10273677860048028,-0.03644067796610173
2024-11-20,0.03412,0.03678,0.0326,0.03595,275341884.0,0.03465571428571428,0.0289228,0.037057373737373736,62.734035384681725,0.0028011908614630314,0.0023761341102487535,53.08229898150386,0.10249845425983031,0.053943125183230745
2024-11-21,0.03594,0.03669,0.03351,0.03668,108577025.0,0.03539142857142857,0.0293996,0.037057373737373736,63.9128117459757,0.002871320331285246,0.002475171354456052,54.060561946127095,0.10230859421037267,0.020305980528511736
2024-11-22,0.03668,0.0406,0.03543,0.04054,291418385.0,0.03626,0.030056,0.037057373737373736,69.42081389272343,0.003201463701302254,0.0026204298238252928,55.340981508416554,0.10272094667636056,0.10523446019629223
2024-11-23,0.04053,0.05269,0.03974,0.04808,613489266.0,0.03782571428571429,0.030987199999999996,0.037057373737373736,76.8528434624802,0.004025120601443187,0.002901367979348872,57.216262799979845,0.10690113816469277,0.18598914652195364
2024-11-24,0.0481,0.05301,0.04134,0.04515,246504814.0,0.03941571428571428,0.0318192,0.037057373737373736,69.75779733094535,0.004390833322619775,0.003199261048003053,58.970323984728,0.10943091839202942,-0.060940099833610595
2024-11-25,0.0451,0.0451,0.04139,0.0423,97258339.0,0.040401428571428574,0.0325568,0.037057373737373736,63.60660350980582,0.0043999719694376785,0.003439403232289978,60.599095084851285,0.1117617444163368,-0.06312292358803995
2024-11-26,0.04229,0.04379,0.03907,0.04193,73717625.0,0.041518571428571426,0.0332816,0.037057373737373736,62.83198304421505,0.004327474077691726,0.003617017401370328,61.13408975822511,0.11195423928599464,-0.00874704491725753
2024-11-27,0.0419,0.04461,0.0405,0.04429,121466925.0,0.042710000000000005,0.0341336,0.037057373737373736,65.70118330006399,0.004409619899512517,0.0037755379009987663,61.69436552882176,0.11198341522283539,0.05628428332935842
2024-11-28,0.04427,0.04427,0.0414,0.04302,85879159.0,0.04361571428571428,0.0349648,0.037057373737373736,62.88776671120118,0.004322416541685366,0.0038849136291360864,62.21462160151865,0.1126904178576871,-0.028674644389252713
2024-11-29,0.04303,0.0469,0.04254,0.04654,112154957.0,0.04447285714285715,0.0358932,0.037057373737373736,67.09370988488581,0.00448563423522038,0.004005057750352945,62.905763811901544,0.11317716949505986,0.08182240818224074
2024-11-30,0.0465,0.04696,0.04442,0.04576,83179884.0,0.04414142857142857,0.036765599999999996,0.037057373737373736,65.32695876916543,0.0045001707844547,0.0041040803571732965,63.55215957804499,0.07574704250444762,-0.016759776536312776
2024-12-01,0.04577,0.05398,0.04577,0.05089,240394193.0,0.04496142857142856,0.037784000000000005,0.037057373737373736,70.77727525066983,0.0048695065904422186,0.004257165603827081,64.6026915611826,0.07871741963390233,0.11210664335664333
2024-12-02,0.05086,0.05091,0.04539,0.05081,146615663.0,0.046177142857142854,0.038789199999999996,0.037057373737373736,70.59092244004754,0.005096997531424549,0.004425131989346575,65.41348759008729,0.07181336981887088,-0.0015720180782078375
2024-12-03,0.05081,0.05348,0.04593,0.05133,198032917.0,0.04752,0.0398088,0.037057373737373736,71.12314110189664,0.005258627214172258,0.004591831034311712,66.31425135793805,0.06885337547529079,0.010234205864987134
2024-12-04,0.05135,0.0784,0.04993,0.06816,1167668474.0,0.050929999999999996,0.041486,0.037057373737373736,82.29254977370793,0.006667896883399978,0.005007044204129365,67.89381563823646,0.09598902032198331,0.3278784336645235
2024-12-05,0.06817,0.07974,0.06157,0.06716,569912634.0,0.054378571428571436,0.04271080000000001,0.037057373737373736,80.3049760127488,0.007616266032984084,0.005528888569900308,69.38260976419312,0.09607261788150255,-0.01467136150234738
2024-12-06,0.06716,0.06956,0.06186,0.06623,136493376.0,0.05719142857142857,0.0438408,0.037057373737373736,78.40830318104862,0.008198307206783786,0.006062772297277004,70.76506145258143,0.09626732486004072,-0.01384752829064917
2024-12-07,0.06624,0.07837,0.06399,0.06947,352702258.0,0.06057857142857143,0.045285200000000005,0.037057373737373736,80.16586264717071,0.008819355907546692,0.006614089019330942,72.1847810256943,0.09228143034617728,0.04892042880869707
2024-12-08,0.06945,0.07184,0.06694,0.06923,88348964.0,0.06319857142857144,0.046806400000000005,0.037057373737373736,79.64866957906473,0.009186281745380352,0.007128527564540825,73.50309205787055,0.09278893025395116,-0.00345472865985319
2024-12-09,0.06923,0.087,0.053,0.05977,426219803.0,0.06447857142857143,0.047936,0.037057373737373736,62.52547465566088,0.00861442840755338,0.007425707733143336,74.89588626968441,0.09946923321098945,-0.1366459627329193
2024-12-10,0.05966,0.065,0.05006,0.05591,292503178.0,0.06513285714285715,0.048794,0.037057373737373736,57.128618438518046,0.007760304813443329,0.007492627149203335,75.4991878255454,0.10164481450923253,-0.064580893424795
2024-12-11,0.0559,0.05942,0.04938,0.05817,186105964.0,0.06370571428571428,0.04963599999999999,0.037057373737373736,59.34141712922477,0.007182968039557182,0.007430695327274105,75.89813925620663,0.10167682015484177,0.040422106957610504
2024-12-12,0.05819,0.06059,0.05607,0.05719,119881062.0,0.06228142857142858,0.0505628,0.037057373737373736,57.94475650689639,0.006570604834494731,0.007258677228718231,76.29873381882035,0.10044005625458557,-0.016847172081829176
2024-12-13,0.05719,0.05829,0.05444,0.05796,57881605.0,0.0611,0.051465199999999996,0.037057373737373736,58.765936655138525,0.006077378906488601,0.0070224175642723055,76.25085685147374,0.09269673023961564,0.01346389228886169
2024-12-14,0.0579,0.06019,0.05358,0.05531,63935431.0,0.05907714285714285,0.052313200000000004,0.037057373737373736,54.80006039718225,0.005410294445441194,0.006699992940506084,76.27440420481706,0.09211792233354367,-0.04572118702553485
2024-12-15,0.05526,0.05688,0.05348,0.05677,44636241.0,0.05729714285714286,0.053146,0.037057373737373736,56.5402338810098,0.00494246138398876,0.006348486629202619,76.26840401843573,0.09034000446609605,0.026396673295968176
2024-12-16,0.05679,0.05967,0.05292,0.05465,64901415.0,0.05656571428571428,0.053864800000000004,0.037057373737373736,53.32960053947852,0.0043504843542583466,0.005948886174213765,76.36869781580694,0.09101440539624485,-0.03734366742998074
2024-12-17,0.05465,0.05641,0.05143,0.05237,90925880.0,0.05606,0.054338,0.037057373737373736,50.03864282393377,0.0036552261759310103,0.005490154174557215,76.02318336858173,0.09141806266817569,-0.041720036596523236
2024-12-18,0.05242,0.05334,0.04535,0.04582,75751396.0,0.05429571428571429,0.0542476,0.037057373737373736,42.016894097553156,0.002546346108285011,0.004901392561302774,74.08676991270572,0.09609530177328764,-0.12507160588122967
2024-12-19,0.04585,0.04676,0.03991,0.04173,133971235.0,0.05208714285714285,0.054110799999999994,0.037057373737373736,37.92813340174838,0.0013222794329693782,0.004185569935636096,71.0895788262349,0.09671114193635083,-0.08926233085988644
2024-12-20,0.04174,0.04338,0.03677,0.04311,113295887.0,0.04996571428571428,0.0541432,0.037057373737373736,40.04801580635992,0.0004582695940985107,0.003440109867328579,67.68844373945724,0.09693631210059918,0.033069734004313345
2024-12-21,0.04311,0.04489,0.0403,0.04114,56109779.0,0.04794142857142857,0.05411160000000001,0.037057373737373736,38.05024245276601,-0.00038103463400942367,0.0026758809670609784,64.7095461838978,0.0937956414216425,-0.04569705404778468
2024-12-22,0.04116,0.04772,0.04048,0.04301,242301902.0,0.04597571428571428,0.0540604,0.037057373737373736,41.056072004687096,-0.0008850931074955853,0.0019636861521496658,62.27170947385021,0.09452030997459421,0.045454545454545414
2024-12-23,0.043,0.04511,0.04107,0.04506,78120030.0,0.04460571428571429,0.054142,0.037057373737373736,44.249592605919695,-0.0011063914202554467,0.0013496706376686432,60.00800395737745,0.09519451157698786,0.047663334108347
2024-12-24,0.04505,0.04635,0.04332,0.04625,36815680.0,0.04373142857142858,0.0541304,0.037057373737373736,46.07597101996979,-0.0011722360650643984,0.0008452892971220348,58.05766866686684,0.05585295087461777,0.026409232134931182
2024-12-25,0.04625,0.04626,0.04312,0.04396,38229996.0,0.04346571428571428,0.054058400000000006,0.037057373737373736,43.14667502216023,-0.0013931429968655554,0.00039760283832451684,56.19654654176312,0.056296667753763574,-0.04951351351351352
2024-12-26,0.04395,0.04395,0.03993,0.04067,48095855.0,0.043314285714285715,0.0536496,0.037057373737373736,39.282692865805544,-0.0018127920973152883,-4.4476148803444175e-05,53.68364399284452,0.05761688158623758,-0.07484076433121023
2024-12-27,0.04067,0.04307,0.04005,0.04167,55310243.0,0.043108571428571434,0.05328399999999999,0.037057373737373736,41.011876609441224,-0.0020411463259033605,-0.0004438101842234274,51.3502344831344,0.0562718439339516,0.024588148512417085
2024-12-28,0.04166,0.04777,0.04162,0.0457,194222541.0,0.04376000000000001,0.0530588,0.037057373737373736,47.500778859984585,-0.0018753139257840085,-0.0007301109325355438,49.885925936291585,0.06229968251934698,0.09671226301895852
2024-12-29,0.04565,0.04567,0.04154,0.04226,49797612.0,0.043652857142857146,0.0520228,0.037057373737373736,43.13853332233142,-0.0019984331117214524,-0.0009837753683727257,48.50492834262768,0.05750926702486508,-0.07527352297592993
2024-12-30,0.04225,0.0432,0.04004,0.041,49435051.0,0.04307285714285714,0.050976400000000005,0.037057373737373736,41.63047704157495,-0.0021726326663821655,-0.0012215468279746138,46.81265664748367,0.05646631379398729,-0.029815428300993818
2024-12-31,0.04101,0.04142,0.03924,0.04011,37146006.0,0.04219571428571429,0.04993159999999999,0.037057373737373736,40.55210233353955,-0.002355351603322814,-0.0014483077830442538,45.021714695538584,0.055013958712164544,-0.02170731707317075
2025-01-01,0.04016,0.04403,0.03994,0.04305,95071246.0,0.04206571428571428,0.0488748,0.037057373737373736,45.568062790236375,-0.00223713593735525,-0.0016060734139064531,43.80384683600863,0.058599055662744585,0.0732984293193717
2025-01-02,0.04307,0.04478,0.04242,0.04347,69282986.0,0.04246571428571428,0.04784439999999999,0.037057373737373736,46.265582988525594,-0.002085518125701402,-0.0017019623562654432,42.79670666577976,0.058518581862119536,0.009756097560975618
2025-01-03,0.04346,0.04693,0.04283,0.04671,57774740.0,0.043185714285714286,0.047321999999999996,0.037057373737373736,51.43570173567191,-0.0016845011151384037,-0.0016984701080400354,42.20854914317359,0.061062425820063194,0.07453416149068315
2025-01-04,0.04673,0.04781,0.0455,0.04699,61678335.0,0.04337,0.046965200000000006,0.037057373737373736,51.866715538970034,-0.0013287812223595555,-0.0016245323309039394,41.80059247421575,0.06065088362568735,0.005994433740098337
2025-01-05,0.047,0.04903,0.04614,0.04781,92001052.0,0.04416285714285715,0.046550799999999996,0.037057373737373736,53.177317626387236,-0.0009695273893007977,-0.001493531342583311,41.6135296849905,0.06047573576828904,0.01745052138752934
2025-01-06,0.04784,0.05271,0.04684,0.05081,105465587.0,0.04556428571428571,0.0462956,0.037316464646464646,57.713770522375455,-0.00043769572648495736,-0.0012823642193636403,41.96436231474183,0.06162858911722488,0.06274837900020924
2025-01-07,0.05081,0.05105,0.04452,0.04488,75854948.0,0.046245714285714286,0.0457724,0.037529898989898995,47.84590897179352,-0.000489078945344508,-0.001123707164559814,41.49716250353419,0.060755248065975084,-0.11670930919110412
2025-01-08,0.04488,0.04649,0.04061,0.04361,114793121.0,0.04632571428571429,0.045304399999999995,0.03773939393939394,46.03070699602075,-0.0006250734450738496,-0.0010239804206626211,39.89395059722574,0.05744075675538547,-0.028297682709447436
2025-01-09,0.0436,0.04615,0.04251,0.04566,104957971.0,0.04663857142857143,0.04486,0.0379789898989899,49.369771845961814,-0.0005609657346615227,-0.0009313774834624015,38.40525382708218,0.05789740377215142,0.04700756707177245
2025-01-10,0.04565,0.04565,0.043,0.04505,63772321.0,0.04640142857142857,0.044475999999999995,0.03821474747474748,48.409987303965984,-0.0005530070927753719,-0.0008557034053249955,37.022892540520296,0.05686446580375338,-0.013359614542268972
2025-01-11,0.04506,0.04832,0.04404,0.04731,76249169.0,0.04644714285714286,0.0442736,0.038465151515151515,52.123606326499576,-0.000360184714171978,-0.000756599667094392,36.27970145290093,0.05704554934176569,0.05016648168701443
2025-01-12,0.04731,0.04782,0.0447,0.04562,33482515.0,0.04613428571428572,0.044265599999999995,0.03869848484848485,49.267619247698605,-0.0003398231957314618,-0.000673244372821806,35.589595442968665,0.05691347272318887,-0.03572183470724999
2025-01-13,0.04562,0.04575,0.03945,0.04249,73862317.0,0.04494571428571429,0.04429600000000001,0.03889727272727273,44.4138158023713,-0.0005696844197939435,-0.0006525323822162335,33.35974386032763,0.058720949186848385,-0.06861025865848314
2025-01-14,0.04248,0.04413,0.04132,0.04397,26110806.0,0.044815714285714285,0.0443304,0.03910070707070707,47.069221902982385,-0.0006252203142042279,-0.0006470699686138325,31.28916739073239,0.0581992779287012,0.03483172511179111
2025-01-15,0.04411,0.04903,0.04341,0.04868,156007922.0,0.045540000000000004,0.044632,0.03934212121212121,54.5159734738978,-0.0002858798290361689,-0.0005748319406982998,30.4579726809826,0.059814526415464815,0.10711848987946326
2025-01-16,0.04867,0.0491,0.04629,0.04794,73663324.0,0.04586571428571429,0.0448292,0.039590202020202026,53.24843562405425,-7.578822579581979e-05,-0.0004750231977178038,29.700223217488222,0.05999098315366652,-0.015201314708298996
2025-01-17,0.04797,0.05,0.0473,0.04984,46231993.0,0.04655,0.0450204,0.039858888888888895,56.072534365956145,0.00024124409270639968,-0.00033176973963296315,29.184610301213713,0.056862016192389946,0.039632874426366316
2025-01-18,0.04979,0.04985,0.04508,0.04617,52580117.0,0.046387142857142856,0.0450172,0.0400820202020202,49.81323627968232,0.00019411848363883738,-0.00022659209497860304,28.003854318593543,0.05674001496796027,-0.0736356340288924
2025-01-19,0.04617,0.04641,0.04058,0.04166,88500585.0,0.04582142857142857,0.0449252,0.04024949494949495,43.401503885445685,-0.0002047875460709503,-0.0002222311851970725,26.299067638550156,0.06087201728032917,-0.09768247779943684
2025-01-20,0.04171,0.04459,0.04038,0.04152,75133953.0,0.04568285714285714,0.0449592,0.04042191919191919,43.215549320205845,-0.0005261550901903417,-0.00028301596619572636,24.76455403931772,0.06062447312964803,-0.003360537686029841
2025-01-21,0.0415,0.04281,0.04015,0.04213,23530336.0,0.04542,0.044977600000000006,0.04059575757575758,44.33466094740497,-0.00072328174053813,-0.0003710691210642071,23.3987730040621,0.058450461698644395,0.014691714836223557
2025-01-22,0.04206,0.04238,0.04101,0.04121,10013253.0,0.044352857142857145,0.044798,0.040763434343434345,42.959523495287804,-0.0009428734837959307,-0.00048542999361055186,22.13054775703903,0.05861575014873792,-0.021837170662236005
2025-01-23,0.04116,0.04149,0.03943,0.04096,27596105.0,0.04335571428571429,0.04474600000000001,0.04093020202020202,42.5730900059774,-0.0011241163198663293,-0.0006131672588617074,21.38960647827712,0.055854050122371275,-0.0060664887163308645
2025-01-24,0.04097,0.0419,0.03935,0.04046,20740712.0,0.04201571428571428,0.0447244,0.041080707070707066,41.76393561085362,-0.001293191290350361,-0.0007491720651594382,20.55961762024616,0.05581303058335382,-0.01220703125
2025-01-25,0.04048,0.04172,0.03989,0.04139,13012700.0,0.041332857142857136,0.044775600000000006,0.0412290909090909,43.899726978817995,-0.0013367321784463898,-0.0008666840878168285,19.788913680645983,0.05594874191269256,0.02298566485417708
2025-01-26,0.04138,0.04275,0.04004,0.04016,17643696.0,0.041118571428571435,0.044660000000000005,0.04137464646464647,41.72040131589969,-0.0014537316528413294,-0.0009840936008217286,18.68698962503719,0.05377521058623837,-0.029717323024885278
2025-01-27,0.04013,0.04046,0.03721,0.03919,44618138.0,0.04078571428571428,0.04448880000000001,0.041507474747474744,40.032584725932644,-0.0016062100826055442,-0.0011085168971784918,18.532885786380465,0.04778464838977463,-0.02415338645418319
2025-01-28,0.03919,0.03966,0.03748,0.03793,15394934.0,0.04018571428571428,0.044137600000000006,0.04163818181818182,37.88837973909637,-0.0018078816719352894,-0.0012483898521298514,18.38978936477065,0.04788833809732505,-0.032151058943608146
2025-01-29,0.03793,0.03983,0.03752,0.03846,21215579.0,0.039792857142857144,0.0437964,0.041774040404040404,39.35968942829754,-0.0019030046359749947,-0.0013793128088988801,18.183786688250343,0.046518895080577057,0.013973108357500763
2025-01-30,0.03846,0.04059,0.03822,0.04003,19185011.0,0.03966000000000001,0.04348520000000001,0.041933232323232324,43.62021446876791,-0.001830602346992151,-0.0014695707165175344,17.65768320976205,0.04772269493905525,0.040821632865314594
2025-01-31,0.04002,0.04095,0.0386,0.04021,23137314.0,0.039624285714285716,0.0430612,0.04207818181818182,44.10509136598166,-0.0017386563673390115,-0.0015233878466818299,17.008616762156972,0.04601597096309499,0.004496627529352981
2025-02-01,0.04026,0.04397,0.03747,0.03792,45411990.0,0.039128571428571436,0.0427828,0.04220777777777778,39.45599323191149,-0.0018294832337949346,-0.0015846069241044509,16.382426893533978,0.046946633658498674,-0.056951007212136306
2025-02-02,0.03785,0.03835,0.03217,0.0338,53233847.0,0.03822,0.0423904,0.04229616161616162,32.764411636509465,-0.002208456041031967,-0.0017093767474899541,16.37402719035733,0.05038810472210883,-0.10864978902953604
2025-02-03,0.03378,0.03418,0.02585,0.03391,117206232.0,0.03746571428571428,0.041920400000000003,0.042388585858585855,33.09068568315226,-0.002471429539111912,-0.0018617873058143458,17.713498869332604,0.04938918171161558,0.0032544378698227128
2025-02-04,0.03392,0.03437,0.03016,0.03112,44874722.0,0.036492857142857146,0.0413632,0.04245919191919192,29.217860194756284,-0.0028718625699254083,-0.0020638023586365584,18.88741388662128,0.043166835322643364,-0.0822766145679742
2025-02-05,0.03113,0.03178,0.03027,0.03085,26262400.0,0.03540571428571428,0.0407048,0.042520303030303026,28.86577350662158,-0.003174402835435401,-0.002285922453996327,19.977477831246482,0.043239172607613355,-0.008676092544987135
2025-02-06,0.03085,0.03182,0.02897,0.02926,33970472.0,0.03386714285714286,0.0400504,0.042569898989899,26.81640613862325,-0.0035020978829382737,-0.0025291575397847167,21.245231503061383,0.0412861110954879,-0.05153970826580223
2025-02-07,0.02928,0.03098,0.02882,0.02948,32690342.0,0.03233428571428571,0.03953,0.04262666666666667,27.58251466698239,-0.003701379212087949,-0.0027636018742453632,22.45225963757769,0.04027504963774244,0.007518796992481036
2025-02-08,0.02949,0.03006,0.02885,0.02989,10686786.0,0.031187142857142858,0.038966799999999996,0.04268808080808081,29.072685101104483,-0.0037826237951871233,-0.0029674062584337155,23.5730714767714,0.036720302864062075,0.013907734056987753
2025-02-09,0.02989,0.03155,0.02963,0.03068,28411477.0,0.03074142857142857,0.038246800000000004,0.042765757575757575,31.977208444085264,-0.0037401501916871915,-0.003121955045084411,23.90620633629314,0.03783852240526632,0.026430244228839106
2025-02-10,0.03069,0.03295,0.02935,0.03188,62555080.0,0.030451428571428574,0.0376044,0.04286313131313132,36.247867549437764,-0.0035685238619742807,-0.0032112688084623853,23.59584092170785,0.03919340135212146,0.039113428943937434
2025-02-11,0.0318,0.03289,0.03092,0.03121,23928707.0,0.030464285714285715,0.0368592,0.04294272727272728,34.92928187681294,-0.0034468391436866808,-0.0032583828755072446,23.307644465307224,0.03918418381659443,-0.021016311166875745
2025-02-12,0.03121,0.03253,0.02953,0.03236,31913369.0,0.030680000000000002,0.0363068,0.04302767676767676,39.02902593046117,-0.0032204840037897142,-0.003250803101163739,23.455287864500004,0.04073086750489531,0.03684716437039404
2025-02-13,0.0324,0.03244,0.03067,0.03126,20344734.0,0.030965714285714287,0.0358908,0.043086565656565656,36.650383320523424,-0.0030941888485565977,-0.003219480250642311,23.592385306607586,0.04105767398261396,-0.03399258343634104
2025-02-14,0.03128,0.03279,0.03126,0.0319,31062027.0,0.031311428571428566,0.035506,0.04314939393939393,38.980522894612754,-0.0029089241104274383,-0.0031573690225993366,23.534588660538653,0.040948740955507906,0.020473448496481028
2025-02-15,0.03189,0.0321,0.03105,0.03133,13259146.0,0.031517142857142855,0.035074,0.043204848484848485,37.65218756713149,-0.002776093627728779,-0.0030811139436252256,23.55361218730418,0.04076596389383978,-0.017868338557993746
2025-02-16,0.03134,0.03194,0.03078,0.03119,19362653.0,0.03159,0.0346732,0.04325494949494949,37.31583780679888,-0.0026515558577770854,-0.0029952023264555976,23.668820560276604,0.04068248911148723,-0.00446856048515798
2025-02-17,0.03118,0.03209,0.03066,0.0311,21611959.0,0.031478571428571425,0.0342788,0.043199999999999995,37.08647886938193,-0.002530945857298947,-0.0029023510326242675,23.680954013949542,0.04038943750886205,-0.002885540237255513
2025-02-18,0.03111,0.03119,0.02921,0.03051,23044864.0,0.03137857142857143,0.0338808,0.04312454545454546,35.54412344465251,-0.002454673681912385,-0.0028128155624818916,24.233262976728437,0.04007054121058548,-0.018971061093247643
2025-02-19,0.0305,0.03072,0.0299,0.03046,19924219.0,0.031107142857142858,0.033443600000000004,0.04309525252525253,35.4097250460069,-0.002370931394280039,-0.002724438728841521,24.74612129930884,0.03828079402038992,-0.0016388069485413492
2025-02-20,0.03045,0.03086,0.02993,0.03074,18659029.0,0.03103285714285714,0.0330668,0.043090606060606065,36.849763136615714,-0.0022559659963426737,-0.0026307441823417515,25.118962363021264,0.038406943476202306,0.009192383453709763
2025-02-21,0.03075,0.03129,0.02935,0.02974,14196898.0,0.030724285714285714,0.032688800000000004,0.04307252525252526,33.93945876993563,-0.0022199564566898373,-0.002548586637211369,25.699474642429518,0.037295170704779106,-0.03253090435914119
2025-02-22,0.02976,0.03089,0.02962,0.03082,13750508.0,0.030651428571428573,0.0324044,0.043035757575757574,39.49707460179408,-0.002080291359164793,-0.002454927581602054,26.238521759022895,0.030943808285809078,0.0363147276395428
2025-02-23,0.03081,0.03098,0.03012,0.03038,11987017.0,0.030535714285714284,0.0320812,0.042967676767676766,38.091081145633375,-0.0019822598285207903,-0.002360394030985801,26.659511715621043,0.030971589728276717,-0.014276443867618394
2025-02-24,0.03043,0.0306,0.02702,0.02721,23256640.0,0.02998,0.031568399999999996,0.04289888888888889,29.847474985509905,-0.002135742135525965,-0.0023154636518938343,28.19774778833727,0.03410370181998566,-0.10434496379196834
2025-02-25,0.02717,0.02732,0.02469,0.02658,56358952.0,0.02941857142857143,0.031023199999999997,0.04280979797979798,28.526169131786247,-0.0022819092747975306,-0.0023087527764745737,30.221022615518127,0.034313791355941696,-0.023153252480705655
2025-02-26,0.02659,0.02743,0.02587,0.02667,28799405.0,0.028877142857142858,0.030573200000000002,0.04273464646464647,29.00965268639375,-0.0023632435374769875,-0.0023196509286750565,32.00913238916663,0.03270879582992859,0.003386004514672747
2025-02-27,0.02668,0.02738,0.02628,0.02705,18760941.0,0.028349999999999997,0.030303199999999995,0.04264474747474748,31.128028134049046,-0.0023697220220551714,-0.0023296651473510795,33.66952003612596,0.03286880828015002,0.014248218972628512
2025-02-28,0.02702,0.02862,0.02437,0.02622,67138519.0,0.027847142857142855,0.029995599999999997,0.04253909090909091,29.086416942559183,-0.0024140032048779077,-0.0023465327588564453,35.65989350512474,0.03311859980198302,-0.030683918669131227
2025-03-01,0.02621,0.02829,0.02586,0.02683,48787002.0,0.027277142857142857,0.029823999999999996,0.04240060606060606,32.585935996188894,-0.0023725254625894185,-0.00235173129960304,37.508097440623615,0.03296269558051495,0.02326468344774968
2025-03-02,0.02682,0.03133,0.02671,0.03116,163353212.0,0.02738857142857143,0.0298364,0.04222969696969697,51.05145332511496,-0.0019675782233310388,-0.0022749006843486397,36.85008192377422,0.04915940782416332,0.16138650764070084
2025-03-03,0.03118,0.04284,0.029,0.03072,459225920.0,0.02789,0.0298948,0.04208393939393939,49.565716717479205,-0.00166298903903081,-0.002152518355285074,36.37767677157829,0.04902852305734929,-0.014120667522464658
2025-03-04,0.03072,0.03078,0.02626,0.02873,113747864.0,0.028197142857142858,0.029864799999999997,0.041946868686868685,43.41211055060578,-0.001564145785929144,-0.002034843841413888,34.964902774426605,0.05029234532714452,-0.06477864583333337
2025-03-05,0.02871,0.02878,0.0266,0.02828,45845022.0,0.028427142857142856,0.0298004,0.041808989898989894,42.13811607945865,-0.0015047769034599832,-0.0019288304538231072,33.6530412056429,0.04989729898010999,-0.015663069961712517
2025-03-06,0.02824,0.02836,0.02688,0.02733,31182431.0,0.028467142857142858,0.0296664,0.04163767676767676,39.50252929232902,-0.0015168978427965649,-0.0018464439316177989,32.43488403462946,0.049974344505216324,-0.03359264497878356
2025-03-07,0.02734,0.02757,0.02579,0.02647,32841831.0,0.028502857142857142,0.029449999999999997,0.041470505050505056,37.23224147614029,-0.001577711708740652,-0.0017926974870423698,30.89185538443968,0.05022818174637575,-0.0314672521039151
2025-03-08,0.02644,0.02678,0.0259,0.02656,14354564.0,0.028464285714285716,0.029264000000000002,0.04126868686868687,37.636182025235556,-0.001600198792215471,-0.00175419774807699,29.45904306640631,0.050281814194203696,0.0034000755572345387
2025-03-09,0.02656,0.02656,0.02443,0.0248,22456296.0,0.027555714285714288,0.028961599999999997,0.041056969696969696,33.14415259431124,-0.0017399798542858773,-0.0017513541693187677,27.56018078727575,0.0519873879676498,-0.0662650602409639
2025-03-10,0.02481,0.02563,0.02292,0.02327,36524970.0,0.026491428571428572,0.028641999999999997,0.0407779797979798,29.81291974749017,-0.0019517173832095773,-0.0017914268120969297,25.92692588821946,0.053237455987135356,-0.06169354838709673
2025-03-11,0.02327,0.02436,0.02229,0.02378,31966415.0,0.02578428571428571,0.028317199999999997,0.040504949494949496,32.25705682959277,-0.0020546830553496917,-0.0018440780607474822,24.628190378362042,0.053740435602228125,0.021916630855178365
2025-03-12,0.0238,0.02431,0.02304,0.02402,22579768.0,0.025175714285714284,0.028024800000000002,0.04022909090909091,33.43184789279384,-0.0020927936753415213,-0.00189382118366629,23.422221690637297,0.053758586470563356,0.010092514718250678
2025-03-13,0.02403,0.02466,0.02331,0.02363,28332285.0,0.024647142857142857,0.0277224,0.039779292929292935,32.447132022054035,-0.002129914033735785,-0.001941039753680189,22.14690978051666,0.05353697559112873,-0.01623646960865932
2025-03-14,0.02363,0.02471,0.02353,0.02443,13137707.0,0.024355714285714286,0.027455600000000004,0.03934767676767677,36.574065721661604,-0.002070906747192989,-0.0019670131523827493,20.939326878141458,0.05342743137864876,0.03385526872619549
2025-03-15,0.02443,0.025,0.02424,0.02459,24781689.0,0.024074285714285715,0.0272188,0.03892707070707071,37.397801564928024,-0.001988312357483476,-0.0019712729934028947,19.675274875153942,0.05354735578443576,0.006549324600900519
2025-03-16,0.02459,0.0246,0.02355,0.02395,14461891.0,0.023952857142857144,0.026958399999999997,0.038467272727272725,35.416410033671056,-0.0019519969540645297,-0.001967417785535222,18.822143463966995,0.0488834154420632,-0.02602684017893464
2025-03-17,0.02394,0.02478,0.02391,0.02464,12797721.0,0.02414857142857143,0.0267144,0.03801686868686869,39.15901724604325,-0.0018462570003424002,-0.0019431856284966575,17.93094701989266,0.04926285687327843,0.028810020876826714
2025-03-18,0.02465,0.03,0.02428,0.02536,269517299.0,0.024374285714285713,0.0265392,0.03766929292929293,42.87879921985252,-0.0016849364440034917,-0.0018915357915980245,18.3742277121554,0.049766450624732256,0.02922077922077926
2025-03-19,0.02535,0.02953,0.0252,0.02726,253975643.0,0.024837142857142856,0.0263968,0.037379898989898984,51.33447737976897,-0.0013877771882507516,-0.00179078407092857,18.785845497827943,0.05254169844030784,0.07492113564668768
2025-03-20,0.02726,0.03142,0.02721,0.02857,193859159.0,0.025542857142857145,0.026324400000000005,0.03708090909090909,56.153794544807084,-0.0010346435583789317,-0.0016395559684186424,19.75021028870496,0.052940315044207834,0.048055759354365346
2025-03-21,0.02857,0.02857,0.02579,0.02647,48981360.0,0.025834285714285716,0.0262948,0.03677060606060606,47.95531129035543,-0.0009137024687827337,-0.0014943852684914608,19.890022616991132,0.05559459074427829,-0.07350367518375922
2025-03-22,0.02648,0.02648,0.02527,0.02569,21196757.0,0.02599142857142857,0.026259200000000003,0.036444646464646464,45.30924211034884,-0.0008707577123323491,-0.0013696597572596387,19.754053489096062,0.041045214085014776,-0.02946732149603326
2025-03-23,0.02568,0.02568,0.02475,0.02504,28781850.0,0.02614714285714286,0.026194,0.03613888888888889,43.17145430154211,-0.0008790402226651547,-0.0012715358503407421,19.35915285128175,0.04119736478319266,-0.025301673803036273
2025-03-24,0.02502,0.02577,0.02475,0.02568,18701709.0,0.026295714285714287,0.026139199999999998,0.03582484848484848,45.87911350054316,-0.0008244576854881183,-0.0011821202173702174,19.02864651436633,0.03972741196325086,0.025559105431310014
2025-03-25,0.02567,0.02631,0.02521,0.0258,32361703.0,0.02635857142857143,0.026122400000000004,0.035533434343434346,46.39484066269964,-0.0007627254106572431,-0.0010982412560276225,18.945646162426993,0.039696103401057954,0.004672897196261516
2025-03-26,0.02581,0.02639,0.02532,0.02549,16413067.0,0.026105714285714288,0.0260688,0.03526191919191919,45.19664852254854,-0.0007303969855258496,-0.0010246724019272679,18.90278227280569,0.039133729559677116,-0.012015503875969058
2025-03-27,0.02548,0.02612,0.02532,0.02557,12187677.0,0.025677142857142853,0.025845200000000002,0.035057373737373734,45.58719334365704,-0.0006903630685650558,-0.0009578105352548254,18.862980089585907,0.03855780298802193,0.003138485680659109
2025-03-28,0.02557,0.02558,0.02343,0.0239,22996663.0,0.02531,0.0255724,0.03487727272727273,39.292374865474805,-0.0007843494519312148,-0.0009231183185901033,17.66154542859947,0.04111963690502782,-0.0653109112240906
2025-03-29,0.02389,0.02511,0.02289,0.02329,54493632.0,0.024967142857142858,0.0253548,0.034677070707070705,37.26807271043245,-0.0008977080206433764,-0.000918036259000758,16.550465636962436,0.038842298696498426,-0.025523012552301272
2025-03-30,0.02329,0.02389,0.02283,0.02297,20667651.0,0.024671428571428573,0.0251424,0.03449353535353535,36.21405232580762,-0.001001818488772354,-0.0009347927049550772,15.552606182646807,0.03639333642086596,-0.013739802490339237
2025-03-31,0.02296,0.02463,0.02232,0.02338,55009881.0,0.024342857142857142,0.0249844,0.03429525252525253,38.609739533185724,-0.0010392632317363995,-0.0009556868103113418,14.700141823608911,0.03627549727569541,0.01784936874183729
2025-04-01,0.02336,0.02436,0.02287,0.02299,57131422.0,0.023941428571428575,0.024845199999999998,0.03407232323232323,37.179292896297255,-0.0010878679365459894,-0.0009821230355582713,13.908567775930866,0.03636879379524409,-0.01668092386655262
2025-04-02,0.02299,0.0239,0.02124,0.02204,115151431.0,0.02344857142857143,0.0246644,0.033827777777777776,33.885941806050994,-0.0011893346661085331,-0.0010235653616683237,13.646387069171476,0.03732174278833853,-0.04132231404958675
2025-04-03,0.02204,0.0227,0.02122,0.02196,14508530.0,0.022932857142857144,0.0245508,0.033605555555555555,33.615898945200584,-0.001261659486522397,-0.0010711841866391384,13.414242742399768,0.03631092819661466,-0.003629764065335772
2025-04-04,0.02198,0.02222,0.02142,0.0218,17970798.0,0.022632857142857146,0.024492000000000003,0.0334149494949495,33.04863992563699,-0.0013167098787381336,-0.0011202893250589375,13.19868015325461,0.03621726020184766,-0.007285974499089298
2025-04-05,0.02178,0.02263,0.02136,0.0216,26665888.0,0.022391428571428573,0.0244048,0.03321222222222222,32.314582682035265,-0.0013607897030810806,-0.0011683894006633661,12.681137588675657,0.03590629601401511,-0.00917431192660545
2025-04-06,0.0216,0.02188,0.01927,0.0196,33169215.0,0.021909999999999995,0.024228,0.03294858585858586,26.07697296967936,-0.0015393617625739202,-0.001242583873045477,13.416228919437097,0.040000634024283055,-0.09259259259259267
2025-04-07,0.01961,0.02061,0.0181,0.02005,73740014.0,0.021434285714285715,0.0240848,0.032724242424242427,29.380017675074896,-0.0016258286267056485,-0.0013192328237775113,14.640028938544926,0.03969584768102287,0.022959183673469274
2025-04-08,0.02006,0.02047,0.01585,0.01689,279779102.0,0.02056285714285714,0.0237832,0.03248070707070707,21.959727252841645,-0.0019271251313478163,-0.0014408112852915724,16.61598194047781,0.04667032771343391,-0.15760598503740653
2025-04-09,0.01688,0.0185,0.01592,0.01841,118407546.0,0.020044285714285712,0.023535999999999998,0.032261515151515145,30.988551191018075,-0.002019968545168914,-0.0015566427372670408,18.45079544227263,0.05077141023813465,0.08999407933688586
2025-04-10,0.0184,0.0352,0.01833,0.02264,460020027.0,0.02014142857142857,0.0234836,0.032055353535353534,48.756359021279636,-0.0017322536295567362,-0.0015917649157249799,20.138498144008384,0.07404526747904819,0.22976643128734398
2025-04-11,0.02264,0.02677,0.02058,0.02177,127794623.0,0.020137142857142857,0.0233688,0.031836161616161616,46.12595968010158,-0.0015564968879283152,-0.001584711310165647,21.705650652763016,0.07422616650179242,-0.03842756183745577
2025-04-12,0.0218,0.0218,0.01975,0.02061,40595520.0,0.019995714285714287,0.023178800000000003,0.031572525252525255,42.809646886677044,-0.0014935934933427639,-0.0015664877468010705,22.825457988769937,0.07487532339795998,-0.0532843362425357
2025-04-13,0.02058,0.0209,0.01866,0.01898,28089964.0,0.019907142857142856,0.0228476,0.03128959595959596,38.60902837230178,-0.0015573176885439084,-0.0015646537351496383,23.427083331969914,0.0761166726495305,-0.07908782144589999
2025-04-14,0.01898,0.021,0.01837,0.01888,39826156.0,0.01974,0.02246,0.030997373737373737,38.3603424785297,-0.001597474050156842,-0.001571217798151079,23.867304922826474,0.07603196508800146,-0.005268703898840821
2025-04-15,0.01888,0.075,0.01849,0.02204,174371945.0,0.020475714285714288,0.0222828,0.03070676767676768,49.44240197906548,-0.0013586509824728803,-0.0015287044350154393,27.881943515807954,0.086057280864791,0.1673728813559321
2025-04-16,0.02206,0.034,0.02121,0.0272,41296807.0,0.02173142857142857,0.022343199999999997,0.03052818181818182,61.587056191114186,-0.0007444317587037008,-0.0013718498997530918,31.60982220929075,0.10121476197373326,0.23411978221415608
