Date,Open,High,Low,Close,Volume,MA7,MA25,MA99,RSI,MACD,MACD_signal,ADX,Volatility
2022-12-14,0.02522,0.02552,0.02403,0.0244,124098765.0,0.0211,0.0191564,0.038492424242424245,14.203112492623475,0.0008724310462852568,0.005222257931600831,0.0,0.04552675740022875
2022-12-15,0.0244,0.02445,0.02358,0.02404,96067128.0,0.0211,0.0191564,0.038492424242424245,14.203112492623475,0.0008724310462852568,0.005222257931600831,0.0,0.04552675740022875
2022-12-16,0.02403,0.02433,0.02,0.02037,252547664.0,0.0211,0.0191564,0.038492424242424245,14.203112492623475,0.0008724310462852568,0.005222257931600831,0.0,0.04552675740022875
2022-12-17,0.02035,0.02099,0.01988,0.0207,203191071.0,0.0211,0.0191564,0.038492424242424245,14.203112492623475,0.0008724310462852568,0.005222257931600831,0.0,0.04552675740022875
2022-12-18,0.02071,0.02082,0.02015,0.02029,84131067.0,0.0211,0.0191564,0.038492424242424245,14.203112492623475,0.0008724310462852568,0.005222257931600831,0.0,0.04552675740022875
2022-12-19,0.0203,0.02076,0.01786,0.01848,303151234.0,0.0211,0.0191564,0.038492424242424245,14.203112492623475,0.0008724310462852568,0.005222257931600831,0.0,0.04552675740022875
2022-12-20,0.0185,0.01986,0.0185,0.01942,142883194.0,0.0211,0.0191564,0.038492424242424245,14.203112492623475,0.0008724310462852568,0.005222257931600831,0.0,0.04552675740022875
2022-12-21,0.01942,0.0195,0.01844,0.01901,99282355.0,0.020329999999999997,0.0191564,0.038492424242424245,14.203112492623475,0.0008724310462852568,0.005222257931600831,0.0,0.04552675740022875
2022-12-22,0.019,0.01926,0.01818,0.01897,131410675.0,0.019605714285714285,0.0191564,0.038492424242424245,14.203112492623475,0.0008724310462852568,0.005222257931600831,0.0,0.04552675740022875
2022-12-23,0.01897,0.01938,0.01864,0.01893,109244820.0,0.0194,0.0191564,0.038492424242424245,14.203112492623475,0.0008724310462852568,0.005222257931600831,0.0,0.04552675740022875
2022-12-24,0.01891,0.01906,0.01856,0.01872,59946532.0,0.019117142857142857,0.0191564,0.038492424242424245,14.203112492623475,0.0008724310462852568,0.005222257931600831,0.0,0.04552675740022875
2022-12-25,0.01872,0.0188,0.01795,0.0184,79193727.0,0.018847142857142857,0.0191564,0.038492424242424245,14.203112492623475,0.0008724310462852568,0.005222257931600831,0.0,0.04552675740022875
2022-12-26,0.0184,0.01868,0.018,0.0183,86980424.0,0.018821428571428572,0.0191564,0.038492424242424245,14.203112492623475,0.0008724310462852568,0.005222257931600831,0.0,0.04552675740022875
2022-12-27,0.0183,0.01844,0.01757,0.01781,95793105.0,0.01859142857142857,0.0191564,0.038492424242424245,14.203112492623475,0.0008724310462852568,0.005222257931600831,0.0,0.04552675740022875
2022-12-28,0.01781,0.01783,0.01654,0.01687,163312446.0,0.018285714285714287,0.0191564,0.038492424242424245,11.83022435743402,0.0008724310462852568,0.005222257931600831,0.0,0.04552675740022875
2022-12-29,0.01688,0.01698,0.01568,0.01618,143198175.0,0.017887142857142855,0.0191564,0.038492424242424245,10.450094710855225,0.0008724310462852568,0.005222257931600831,0.0,0.04552675740022875
2022-12-30,0.01618,0.01682,0.01543,0.01651,182790352.0,0.017541428571428572,0.0191564,0.038492424242424245,15.52584549319053,0.0008724310462852568,0.005222257931600831,0.0,0.04552675740022875
2022-12-31,0.01651,0.01694,0.01618,0.01663,154674786.0,0.017242857142857143,0.0191564,0.038492424242424245,17.36017163501927,0.0008724310462852568,0.005222257931600831,0.0,0.04552675740022875
2023-01-01,0.01665,0.01691,0.01636,0.01687,108787345.0,0.017024285714285714,0.0191564,0.038492424242424245,21.052544233903703,0.0008724310462852568,0.005222257931600831,0.0,0.04552675740022875
2023-01-02,0.01687,0.01799,0.0165,0.01771,177506293.0,0.01694,0.0191564,0.038492424242424245,32.431740152635186,0.0008724310462852568,0.005222257931600831,0.0,0.04552675740022875
2023-01-03,0.01771,0.01783,0.01721,0.01758,135374559.0,0.01690714285714286,0.0191564,0.038492424242424245,31.670918533121707,0.0008724310462852568,0.005222257931600831,0.0,0.04552675740022875
2023-01-04,0.01758,0.01861,0.01752,0.01792,190764076.0,0.017057142857142858,0.0191564,0.038492424242424245,35.905894337017685,0.0008724310462852568,0.005222257931600831,0.0,0.04617841724744371
2023-01-05,0.01791,0.0186,0.01768,0.01804,223528380.0,0.017322857142857143,0.0191564,0.038492424242424245,37.381050973464845,0.0008724310462852568,0.005222257931600831,0.0,0.03267904813526716
2023-01-06,0.01805,0.0252,0.018,0.02343,1452256111.0,0.01831142857142857,0.0191564,0.038492424242424245,70.36911651273974,0.0008724310462852568,0.005222257931600831,0.0,0.07554548237256364
2023-01-07,0.02344,0.02537,0.02307,0.02333,1394881147.0,0.01926857142857143,0.0191564,0.038492424242424245,69.63615398933926,0.0008724310462852568,0.005222257931600831,0.0,0.07531762120582683
2023-01-08,0.02332,0.041,0.02309,0.03444,3017879085.0,0.021778571428571425,0.019558,0.038492424242424245,86.48231134152081,0.0008724310462852568,0.005222257931600831,0.0,0.12566100467257496
2023-01-09,0.0344,0.05095,0.03151,0.0405,5009490572.0,0.02503428571428571,0.020216400000000002,0.038492424242424245,89.80491288428993,0.002304979330038818,0.005222257931600831,0.0,0.12941122659133172
2023-01-10,0.0405,0.04677,0.04005,0.04161,2459015420.0,0.028467142857142858,0.021066,0.038492424242424245,90.27636698794423,0.003489625656853842,0.005222257931600831,70.87498113367465,0.12858059501321603
2023-01-11,0.04162,0.04238,0.03608,0.03831,1635907516.0,0.031380000000000005,0.0217704,0.038492424242424245,78.63415861985564,0.00411475168889577,0.005222257931600831,69.82105425223133,0.13124218635650947
2023-01-12,0.03832,0.04506,0.03807,0.04041,1921848301.0,0.034575714285714286,0.0225752,0.038492424242424245,80.36912473168597,0.004725152407003882,0.005222257931600831,69.08470269032729,0.13084143334486717
2023-01-13,0.04042,0.05304,0.03841,0.05064,2401095384.0,0.03846285714285714,0.023861599999999997,0.038492424242424245,86.23363071995277,0.0059656070732480825,0.005222257931600831,68.97543317407735,0.13799305692123157
2023-01-14,0.05064,0.05556,0.04697,0.04976,2130516070.0,0.042238571428571424,0.0250752,0.038492424242424245,83.9114047170659,0.006799289708359656,0.005222257931600831,69.02062282909812,0.13800124849333154
2023-01-15,0.04975,0.05093,0.04524,0.0489,1178931888.0,0.04430428571428572,0.026270799999999997,0.038492424242424245,81.59874490656725,0.007306371092468612,0.005222257931600831,68.52112608649807,0.1383152404062307
2023-01-16,0.0489,0.05029,0.04466,0.04672,810067886.0,0.04519285714285714,0.0273808,0.038492424242424245,75.88905365418775,0.00744649045503297,0.005222257931600831,67.87351749930706,0.13894486627766806
2023-01-17,0.04672,0.05554,0.04528,0.04964,1496929579.0,0.04634,0.028609199999999998,0.038492424242424245,78.0995658319014,0.007704344765246833,0.005718675298330032,67.66039125986077,0.13652016241680517
2023-01-18,0.04965,0.05181,0.04269,0.04462,1182365666.0,0.047241428571428566,0.029645199999999997,0.038492424242424245,66.76660254848866,0.007418112731764855,0.006058562785016997,66.6794515999295,0.13955807379458743
2023-01-19,0.04458,0.04668,0.04326,0.04561,547792458.0,0.04798428571428571,0.0307336,0.038492424242424245,67.76018422671845,0.007188294326822962,0.0062845090933781895,65.76857905856473,0.13953203711512258
2023-01-20,0.04559,0.04998,0.04402,0.04902,766048780.0,0.047752857142857146,0.031962399999999995,0.038492424242424245,70.97865945013118,0.007198342079910394,0.006467275690684631,65.21715539997601,0.13900826733859104
2023-01-21,0.04901,0.05308,0.04605,0.04689,1056503612.0,0.04734285714285714,0.0331256,0.038492424242424245,66.51214753355686,0.006954267332843163,0.006564674019116337,64.95379157365356,0.1406705271498462
2023-01-22,0.04691,0.0512,0.04665,0.0488,624466925.0,0.04732857142857143,0.0344028,0.038492424242424245,68.43057683068474,0.006836154441746692,0.006618970103642408,64.7092394492113,0.14072086387491456
2023-01-23,0.04879,0.05689,0.04861,0.05298,1563305892.0,0.048222857142857144,0.035874800000000005,0.038492424242424245,72.18592889896142,0.006999158251380554,0.0066950077331900375,64.89470229925946,0.1399165677416834
2023-01-24,0.05294,0.05419,0.04687,0.0477,594921819.0,0.04794571428571428,0.0371224,0.038492424242424245,62.13188322821399,0.006625908720451171,0.0066811879306422645,64.50389542380573,0.1443983922948864
2023-01-25,0.0477,0.05096,0.04595,0.0495,630034719.0,0.04864285714285715,0.0384372,0.038492424242424245,63.97404220253734,0.006401557564076857,0.006625261857329184,63.843499131917135,0.14397747866664592
2023-01-26,0.04954,0.05173,0.04791,0.04874,502308880.0,0.04909,0.039712,0.038492424242424245,62.58957967927364,0.006092204862483568,0.006518650458360061,63.30379854732991,0.1333136893957464
2023-01-27,0.04873,0.0544,0.04683,0.053,717924818.0,0.04965857142857143,0.041123599999999996,0.038492424242424245,66.91201428353688,0.006120236736021779,0.0064389677138924056,63.04966945706293,0.13312680530725846
2023-01-28,0.05299,0.06292,0.05281,0.05704,1897339375.0,0.051108571428571434,0.04270199999999999,0.038492424242424245,70.40438013887805,0.006394731944793633,0.0064301205600726516,63.42831439692361,0.08795342922703232
2023-01-29,0.05702,0.0606,0.0546,0.05911,1023753616.0,0.05258142857142857,0.0443496,0.038492424242424245,72.03317444012647,0.0067020460605574095,0.006484505660169604,63.77991326965138,0.08093759041964586
2023-01-30,0.05911,0.05953,0.05153,0.0538,724635213.0,0.05269857142857143,0.045779999999999994,0.038492424242424245,62.52682002225983,0.006442852891306153,0.006476175106396914,63.12029393904361,0.08468690654408555
2023-01-31,0.05381,0.05564,0.05254,0.05418,476687965.0,0.05362428571428572,0.04701,0.038492424242424245,62.904114930115036,0.006196671885296691,0.00642027446217687,62.50779027490783,0.08171152398391966
2023-02-01,0.0542,0.05864,0.05034,0.05682,661065123.0,0.054669999999999996,0.0483496,0.038492424242424245,65.50277553712101,0.006143775975912681,0.006364974764924033,62.215122822730336,0.08158815050302105
2023-02-02,0.05684,0.05811,0.0535,0.0541,562627916.0,0.05543571428571429,0.049136,0.038492424242424245,60.778618653130025,0.0058153387138492815,0.006255047554709083,61.94336018856552,0.06168841302616401
2023-02-03,0.05411,0.05776,0.05317,0.05609,553627893.0,0.055877142857142854,0.049759599999999994,0.038492424242424245,62.887507029223116,0.005650490845123271,0.0061341362127919205,61.569579472494816,0.061836643958662244
2023-02-04,0.05609,0.05742,0.05456,0.05564,366072930.0,0.055677142857142856,0.050320800000000006,0.038492424242424245,62.07469629189531,0.005421046038057327,0.005991518177845002,61.222497379000586,0.06167304176132013
2023-02-05,0.05563,0.05838,0.05232,0.05404,703479944.0,0.054952857142857144,0.050949999999999995,0.038492424242424245,59.147488747853735,0.005051867958013538,0.00580358813387871,60.02820091721588,0.061057229742619686
2023-02-06,0.05405,0.05473,0.05109,0.05188,375664219.0,0.054678571428571424,0.051408800000000004,0.038492424242424245,55.352629921752076,0.004532747035380792,0.005549419914179127,58.46466449141635,0.06063826857950629
2023-02-07,0.05188,0.05624,0.05118,0.05554,524617683.0,0.05487285714285715,0.0516048,0.038492424242424245,60.031964837859874,0.004366338938897811,0.005312803719122864,57.255919074244964,0.05701993408564718
2023-02-08,0.05553,0.05725,0.05073,0.05213,502722014.0,0.05420285714285714,0.051699600000000005,0.038492424242424245,54.319756491640824,0.003914180584799774,0.005033079092258246,56.29268779755697,0.05929490886026944
2023-02-09,0.05215,0.05257,0.04224,0.0445,674775408.0,0.05283142857142858,0.051523599999999996,0.038492424242424245,44.188077319411974,0.002906658448856299,0.004607794963577857,52.76360742639749,0.06644996070112504
2023-02-10,0.04452,0.04499,0.04288,0.04431,414918085.0,0.05114857142857143,0.051427200000000006,0.038492424242424245,43.96815182764643,0.0020690082460646173,0.004100037620075209,49.486604224606545,0.06575851029507854
2023-02-11,0.0443,0.04589,0.04308,0.04549,320869734.0,0.049698571428571425,0.0512612,0.038492424242424245,45.77323514155648,0.0014832822097342116,0.0035766865380070095,46.647042844784735,0.06536506847863904
2023-02-12,0.04549,0.04605,0.04275,0.04364,225482441.0,0.04821285714285715,0.051222000000000004,0.038492424242424245,43.411962539157,0.0008598981959741028,0.003033328869600428,43.916798955011004,0.06255067642264314
2023-02-13,0.04364,0.04413,0.04045,0.04216,384941100.0,0.046824285714285714,0.051084,0.038492424242424245,41.564678753402255,0.0002436298296837197,0.002475389061617087,40.81468676973104,0.05909782208612062
2023-02-14,0.04216,0.04439,0.04129,0.0442,355474905.0,0.04520428571428571,0.050891200000000004,0.038492424242424245,45.03645757490244,-7.924287700743216e-05,0.001964462673892183,37.9356524865069,0.059544301787013615
2023-02-15,0.0442,0.04979,0.04298,0.04944,390385176.0,0.04481999999999999,0.050993199999999995,0.038492424242424245,52.79454400726995,8.67029268899061e-05,0.0015889107244917277,36.55125114390965,0.06542837987354067
2023-02-16,0.04944,0.053,0.04559,0.04585,671587001.0,0.04501285714285714,0.0508752,0.038492424242424245,47.814975819519915,-7.065238831178294e-05,0.0012569981019310257,35.87096273071775,0.0643095300128618
2023-02-17,0.04584,0.0494,0.04551,0.04793,317987819.0,0.04553000000000001,0.050673199999999995,0.038492424242424245,50.71543739818243,-2.7205385825221362e-05,0.0010001574043797764,35.21400222204999,0.0625998612690392
2023-02-18,0.04791,0.04864,0.04701,0.04765,171279342.0,0.04583857142857143,0.0506712,0.038492424242424245,50.310063785340354,-1.5191860961667747e-05,0.0007970875513114877,34.603967464001364,0.0617781704344423
2023-02-19,0.04766,0.04937,0.04624,0.04714,261618172.0,0.04633857142857143,0.050576800000000005,0.038492424242424245,49.53344012182521,-4.629018922000516e-05,0.0006284120032051892,33.764753128645005,0.05878156760697462
2023-02-20,0.04717,0.04929,0.04624,0.04822,400507511.0,0.04720428571428571,0.050556000000000004,0.038492424242424245,51.24965517150635,1.6026393360721314e-05,0.0005059348812362956,32.98548267438553,0.05905771560163699
2023-02-21,0.04823,0.0488,0.04521,0.04615,324505996.0,0.047482857142857146,0.050282,0.038492424242424245,47.888196620122926,-0.00010046091536788926,0.00038465572191545864,31.869822507718933,0.05829189198482402
2023-02-22,0.04616,0.04643,0.04321,0.04524,193938546.0,0.04688285714285715,0.04981000000000001,0.038492424242424245,46.44594721848769,-0.00026317363969522584,0.00025508984959332176,30.11757196838787,0.057632594627860745
2023-02-23,0.04525,0.04622,0.04366,0.04415,169022801.0,0.04664,0.049211599999999994,0.038492424242424245,44.70903846601162,-0.00047460755602353466,0.00010915036846995048,28.490482181866174,0.0567831544166337
2023-02-24,0.04415,0.04436,0.04015,0.04126,218162815.0,0.04568714285714286,0.04871,0.038492424242424245,40.395638912887,-0.0008653935866964405,-8.575842256332771e-05,27.0670979882732,0.05809681769410679
2023-02-25,0.04126,0.0415,0.03803,0.04037,185384042.0,0.044647142857142864,0.0481576,0.038492424242424245,39.143197259444385,-0.0012327000940704214,-0.0003151467568647465,26.319414608500505,0.05801781444611686
2023-02-26,0.04036,0.04173,0.03979,0.04118,114481948.0,0.043795714285714285,0.047532000000000005,0.038492424242424245,40.93797650583717,-0.001441812598775724,-0.000540479925246942,25.540482686734098,0.058094123564397346
2023-02-27,0.04119,0.04274,0.03954,0.0407,159528565.0,0.04272142857142858,0.046996,0.038492424242424245,40.181716225779006,-0.0016275068677183285,-0.0007578853137412193,24.43909308077511,0.05492797729760861
2023-02-28,0.0407,0.04116,0.0388,0.0395,151713981.0,0.04177142857142857,0.04633240000000001,0.038492424242424245,38.277930524494145,-0.001850173239480002,-0.0009763428988889759,23.640584890717342,0.053932041504107735
2023-03-01,0.03956,0.04217,0.03926,0.04159,167618034.0,0.04125,0.045770399999999996,0.038492424242424245,43.31531436128469,-0.001836818707504316,-0.001148438060612044,22.504102522118533,0.04564486312320856
2023-03-02,0.04159,0.0419,0.03906,0.04001,119414006.0,0.040658571428571426,0.045209200000000005,0.038492424242424245,40.61656098727119,-0.0019314632342184793,-0.0013050430953333312,21.516715962218637,0.04633492391280642
2023-03-03,0.04002,0.04006,0.03504,0.03749,223442471.0,0.040119999999999996,0.044633599999999996,0.038492424242424245,36.690120633276855,-0.0021846295929350626,-0.0014809603948536774,21.789508702496686,0.04752542363304046
2023-03-04,0.03748,0.03785,0.034,0.03504,144126194.0,0.03935857142857142,0.0438136,0.038492424242424245,33.317845552725956,-0.0025535248358846893,-0.00169547328305988,22.30070711146254,0.04870851195788694
2023-03-05,0.03505,0.03767,0.03488,0.03624,195320556.0,0.03865285714285714,0.043178,0.038492424242424245,36.40119436677246,-0.00271771883151891,-0.0018999223927516863,22.7753913483594,0.04931370286063047
2023-03-06,0.03623,0.03999,0.03579,0.03888,360603641.0,0.03839285714285714,0.042953200000000004,0.038492424242424245,42.68064557124952,-0.002604791405517018,-0.0020408961953047528,22.19202017969587,0.05101781349899223
2023-03-07,0.03889,0.03999,0.03621,0.03701,297209149.0,0.03803714285714286,0.042661199999999996,0.038492424242424245,39.69120850139502,-0.002635805058586571,-0.0021598779679611164,21.650318380222586,0.04267312604624661
2023-03-08,0.037,0.03737,0.033,0.03369,243861038.0,0.03690857142857142,0.04218920000000001,0.038492424242424245,35.00359071453646,-0.00289490914508167,-0.0023068842033852274,22.070844080753112,0.04406750973364768
2023-03-09,0.03369,0.03547,0.03092,0.03229,371183188.0,0.03580571428571428,0.0417352,0.038492424242424245,33.22180399302984,-0.003176601416323338,-0.0024808276459728495,22.955951263017774,0.04210973444436029
2023-03-10,0.03229,0.03355,0.03014,0.03288,290901070.0,0.035147142857142856,0.041364,0.038492424242424245,34.72968641853292,-0.003314034376226939,-0.0026474689920236672,23.95178483214811,0.04283644466113205
2023-03-11,0.03288,0.03428,0.03023,0.0315,277609458.0,0.03464142857142857,0.040856,0.038492424242424245,32.86063802393073,-0.0034940284687300233,-0.002816780887364939,24.52349096506148,0.043144715616122715
2023-03-12,0.03149,0.0352,0.03051,0.03519,273750231.0,0.03449142857142857,0.040286,0.038492424242424245,41.86924448238685,-0.0033008725187682816,-0.0029135992136456075,24.614131862722672,0.05217108207337368
2023-03-13,0.03518,0.03853,0.03422,0.03804,392833132.0,0.03437142857142857,0.0399736,0.038492424242424245,47.7055640730868,-0.002884572301347907,-0.0029077938311860676,23.314394131107264,0.05582896900823285
2023-03-14,0.03802,0.04427,0.03667,0.04305,542977806.0,0.03523428571428571,0.0397784,0.038492424242424245,56.05763339286855,-0.0021258804238664317,-0.0027514111497221405,22.88074447385562,0.06386737002808214
2023-03-15,0.04304,0.04531,0.03606,0.03813,453290190.0,0.03586857142857142,0.039397600000000005,0.038492424242424245,47.95726014031158,-0.0018997157856816133,-0.0025810720769140353,22.723856217836282,0.06862172729688816
2023-03-16,0.03807,0.0407,0.03721,0.03993,386261239.0,0.03696,0.0391092,0.038492424242424245,50.76059607756835,-0.0015572823422526916,-0.0023763141299817667,22.578174265818323,0.06802757998006617
2023-03-17,0.03992,0.04429,0.03907,0.04411,291253374.0,0.03856428571428572,0.0389448,0.038492424242424245,56.60622075006298,-0.0009377999311074997,-0.0020886112902069134,23.251386924123164,0.07163064557331271
2023-03-18,0.0441,0.05104,0.04312,0.04595,690750710.0,0.040628571428571424,0.0389368,0.038492424242424245,58.91824988093359,-0.00029498265820333824,-0.0017298855638061984,24.96533877245118,0.07200347204301115
2023-03-19,0.04597,0.04948,0.04593,0.04645,378666420.0,0.042237142857142855,0.0389852,0.038492424242424245,59.54896369522695,0.0002518967739375613,-0.0013335290962574466,26.55686548875577,0.07185698937383346
2023-03-20,0.04646,0.04809,0.04259,0.0431,318311742.0,0.04296,0.0389432,0.038492424242424245,53.6102704763979,0.00041025647975806434,-0.0009847719810543445,26.835852987529186,0.07367023006871815
2023-03-21,0.04309,0.04474,0.04046,0.04344,339216037.0,0.04301571428571428,0.0390304,0.038492424242424245,54.11047662219424,0.0005567746939506707,-0.0006764626460533415,26.418372402982957,0.07287471409162297
2023-03-22,0.04348,0.04488,0.0393,0.04059,422642432.0,0.04336714285714286,0.0390392,0.038492424242424245,49.31072063718713,0.00043787272850100145,-0.00045359557114247294,25.677760472270215,0.07397902648281747
2023-03-23,0.04061,0.04359,0.03978,0.04245,238048376.0,0.04372714285714285,0.03909,0.03867474747474748,52.28541092184231,0.00048810198373557684,-0.000265256060166863,24.99004939375124,0.0728404432576444
2023-03-24,0.04246,0.04252,0.03895,0.03968,169204608.0,0.04309428571428571,0.0390492,0.038832727272727276,47.78768356796156,0.00030092431209616244,-0.00015201998571425792,24.079741107201972,0.07283522587185312
2023-03-25,0.03968,0.04016,0.0379,0.03831,150921233.0,0.04200285714285714,0.0390016,0.03901393939393939,45.69406354684859,4.155805298156068e-05,-0.0001133043779750942,22.89171244168507,0.07319021874683351
2023-03-26,0.0383,0.04078,0.03789,0.03995,129664147.0,0.041074285714285716,0.038936,0.03920838383838384,48.59725805500652,-3.1296515304590766e-05,-9.690280544099352e-05,21.963497714024548,0.07203016233769848
2023-03-27,0.03994,0.04035,0.03611,0.03754,193033990.0,0.040279999999999996,0.038837199999999995,0.039382626262626265,44.80648664970722,-0.0002802703620780264,-0.0001335763167684001,20.507868928579107,0.07254394468247827
2023-03-28,0.0375,0.03949,0.03714,0.03896,154362490.0,0.03964,0.038896,0.039589494949494944,47.409515529467,-0.00035886502422725897,-0.00017863405826017189,19.156213627808338,0.0694895697786939
2023-03-29,0.03896,0.04217,0.03883,0.04192,213072593.0,0.03983,0.0391712,0.03981676767676768,52.444307246372304,-0.00018022705270056422,-0.00017895265714825036,18.721205070162927,0.06990731949775639
2023-03-30,0.04194,0.04284,0.03969,0.04076,202075649.0,0.039588571428571424,0.039352,0.04003646464646464,50.40763285647794,-0.00013075027098932712,-0.0001693121799164657,18.50636658895363,0.07056121459885913
2023-03-31,0.04077,0.04189,0.03938,0.04143,118438129.0,0.03983857142857143,0.039454,0.04026333333333333,51.5773301299025,-3.7049085648742375e-05,-0.00014285956106292104,18.183332217337803,0.06935850077203543
2023-04-01,0.04142,0.04195,0.04033,0.0415,106970668.0,0.04029428571428571,0.0396336,0.04049131313131313,51.70549360992286,4.236978133489305e-05,-0.00010581369258335823,17.902454088431742,0.06518183910727711
2023-04-02,0.04149,0.04202,0.03965,0.04058,145745615.0,0.04038428571428571,0.0399092,0.04071212121212121,49.83844960421459,3.0719380466406876e-05,-7.850707797340521e-05,17.343583838770165,0.06334878895314175
2023-04-03,0.04057,0.04112,0.03869,0.04011,210161023.0,0.04075142857142857,0.040222,0.040931414141414144,48.86764025992386,-1.6251382384591118e-05,-6.605593885564239e-05,16.411000137603796,0.05595175083531389
2023-04-04,0.04011,0.04087,0.03955,0.04043,128674967.0,0.04096142857142857,0.040524,0.04115494949494949,49.58765784468901,-2.7339571143807084e-05,-5.831266531327533e-05,15.54502955794931,0.049328561583080625
2023-04-05,0.04042,0.042,0.04007,0.04154,150364552.0,0.04090714285714286,0.0409256,0.04139464646464646,52.10694400577606,5.283167209206574e-05,-3.608379783220712e-05,15.198991503174586,0.0486122645510917
2023-04-06,0.04153,0.04167,0.03981,0.04031,124666815.0,0.04084285714285714,0.0411304,0.041631414141414136,49.1743874236674,1.6922171241620654e-05,-2.5482604017441567e-05,14.748534311295144,0.04276477789469689
2023-04-07,0.0403,0.04097,0.0393,0.03992,87920775.0,0.040627142857142855,0.0412056,0.04187121212121212,48.2472009253467,-4.251600943883105e-05,-2.888928510171947e-05,14.070865780805999,0.041420325963651104
2023-04-08,0.03991,0.04038,0.0393,0.03959,56857981.0,0.04035428571428572,0.0410672,0.04210434343434344,47.43224183550395,-0.00011492465801252183,-4.6096359683879944e-05,13.441602145351794,0.04122583373511423
2023-04-09,0.03959,0.04043,0.03906,0.04005,61888678.0,0.04027857142857143,0.041144,0.04234090909090909,48.73222208731751,-0.0001336502412766713,-6.360713600243821e-05,12.722887269885408,0.03843769383572508
2023-04-10,0.04005,0.04172,0.03956,0.04151,89596174.0,0.040478571428571426,0.04120719999999999,0.04258979797979798,52.727996956240766,-3.0330966155685257e-05,-5.695190203308762e-05,12.702648552906368,0.039381153211163415
2023-04-11,0.04152,0.04245,0.04124,0.0416,104705490.0,0.040645714285714285,0.04110679999999999,0.04283111111111111,52.971325798288376,5.814232308332806e-05,-3.3933057009804485e-05,13.021936203283008,0.03637870709587172
2023-04-12,0.04158,0.04464,0.03973,0.04364,238790821.0,0.04094571428571429,0.0410144,0.043094343434343436,58.22086700436557,0.00028953145484513637,3.075984536118369e-05,14.198020819886905,0.03658965842609684
2023-04-13,0.04365,0.04385,0.0424,0.04318,129328075.0,0.04135571428571429,0.0408836,0.04334949494949495,56.68436115652609,0.0004308245756859258,0.00011077279142613212,15.290099392447669,0.033181974724819686
2023-04-14,0.04319,0.04465,0.04163,0.04339,201376664.0,0.041851428571428574,0.0408952,0.04360555555555556,57.239175608072806,0.0005533667692143446,0.00019929158698377462,16.60262029413984,0.03187088178451207
2023-04-15,0.04337,0.04352,0.04234,0.04285,103007417.0,0.04231714285714285,0.0408716,0.043801717171717165,55.2784446575596,0.0005999925132127923,0.00027943177222957815,17.821389702854,0.03096006124059604
2023-04-16,0.04287,0.04495,0.04187,0.04411,168147960.0,0.042897142857142856,0.0410124,0.04401161616161616,58.82284252124473,0.0007301979535168437,0.00036958500848703125,19.47147125919981,0.027457198483577982
2023-04-17,0.04412,0.04445,0.04212,0.04374,196473398.0,0.04321571428571429,0.041063999999999996,0.04410555555555556,57.38458493327445,0.000794373749156585,0.00045454275662094206,21.0036898472352,0.026791193028552616
2023-04-18,0.04374,0.04989,0.04367,0.04701,530004411.0,0.043988571428571425,0.041357200000000004,0.04417131313131313,65.42958379278666,0.0010964559394822243,0.0005829253931931985,23.80020417803419,0.026625304778909495
2023-04-19,0.0471,0.04879,0.0422,0.04334,348002509.0,0.04394571428571429,0.041558399999999995,0.04418878787878788,53.27396025451229,0.001027871263076588,0.0006719145671698764,25.407009701083364,0.03185792927002247
2023-04-20,0.04333,0.046,0.04168,0.04239,259887516.0,0.04383285714285714,0.041656000000000006,0.04422999999999999,50.65076098450659,0.0008866397215841273,0.0007148595980527267,26.56554653078422,0.03219443275752238
2023-04-21,0.04237,0.04279,0.03898,0.03943,201195087.0,0.04326714285714285,0.041731599999999994,0.04422010101010101,43.46874749883788,0.0005297587164651424,0.0006778394217352099,26.10940837816775,0.035942067708051015
2023-04-22,0.03944,0.04123,0.03886,0.04096,104338050.0,0.04299714285714286,0.041811600000000004,0.04412232323232323,47.604359601316474,0.00036616523705323284,0.0006155045847988145,25.624079947402954,0.03671327448441887
2023-04-23,0.04095,0.04182,0.03914,0.04009,128463464.0,0.042422857142857144,0.0417384,0.04402464646464646,45.563195732266976,0.0001644191749834642,0.0005252875028357444,25.384945585568136,0.03695176531571852
2023-04-24,0.04008,0.04085,0.03845,0.03931,109712490.0,0.04179,0.04168039999999999,0.043927777777777774,43.75190507666056,-5.7739924073860194e-05,0.00040868201745382354,24.776994855175,0.037173103646273846
2023-04-25,0.03936,0.03993,0.03744,0.03968,139063242.0,0.04074285714285714,0.041610400000000006,0.043856666666666676,44.871452069073975,-0.00020162252391565244,0.00028662110917992837,23.668890835354034,0.036668261653344976
2023-04-26,0.03968,0.04156,0.03653,0.03844,188278844.0,0.040042857142857144,0.041488,0.043743535353535354,41.864121709771084,-0.0004109707428923831,0.0001471027387654661,23.298834116021947,0.036735859415002736
2023-04-27,0.03844,0.04,0.03803,0.0394,123998144.0,0.03961571428571429,0.0414408,0.04369080808080809,44.94075340911029,-0.0004937253789238094,1.8937115227610993e-05,22.955210019499297,0.03715595739051564
2023-04-28,0.03939,0.03954,0.03823,0.0389,67496231.0,0.03954,0.0413924,0.04362303030303031,43.6452118967987,-0.0005928211720661047,-0.00010341454223113216,22.636130501299686,0.0372208989547906
2023-04-29,0.03895,0.03985,0.03871,0.03937,52446009.0,0.03931285714285714,0.04135,0.04352555555555555,45.243157240487434,-0.0006262116519118802,-0.0002079739641672818,22.477127001706002,0.037228793702074894
2023-04-30,0.03935,0.03954,0.03796,0.03814,54267425.0,0.03903428571428571,0.041213999999999994,0.043437171717171714,41.895147162775984,-0.000743355627267836,-0.0003150502967873926,21.83168108976246,0.03679638570008221
2023-05-01,0.03816,0.03843,0.03654,0.03724,57439305.0,0.038738571428571435,0.0410912,0.04332040404040405,39.58677385389771,-0.0008984586777345538,-0.00043173197297682485,20.377023250193645,0.037034876396951695
2023-05-02,0.0372,0.0378,0.03676,0.0375,47974087.0,0.03842714285714286,0.04099440000000001,0.0431640404040404,40.60491584106032,-0.0009889985756473957,-0.000543185293510939,19.0262695420226,0.034948281250791954
2023-05-03,0.03753,0.03809,0.03544,0.03709,88520333.0,0.038234285714285714,0.0408944,0.043056868686868685,39.475132648441864,-0.0010813703067683103,-0.0006508222961624133,18.30300591560865,0.034950502789276104
2023-05-04,0.03708,0.03722,0.03463,0.03493,116107188.0,0.03759571428571429,0.0406896,0.042909696969696966,34.09319378856959,-0.0013137257051477405,-0.0007834029779594787,18.04297067588305,0.036631882412033655
2023-05-05,0.03493,0.0353,0.0335,0.03447,121266225.0,0.03696285714285714,0.040408,0.04276555555555556,33.059480843616356,-0.0015174944565259432,-0.0009302212736727717,18.330464901737454,0.03663463370405729
2023-05-06,0.03448,0.03476,0.03111,0.0322,133100799.0,0.03593857142857143,0.040032,0.04255545454545455,28.471739011121088,-0.0018409315756225397,-0.0011123633340627253,19.5161107605778,0.03740164122197525
2023-05-07,0.0322,0.03276,0.03156,0.03182,60956878.0,0.03503571428571429,0.039559199999999996,0.04230070707070707,27.7768298411616,-0.0021036708390102174,-0.0013106248350522238,20.61706762950098,0.03737793753007813
2023-05-08,0.03182,0.03232,0.02708,0.0284,173065355.0,0.033772857142857146,0.038967999999999996,0.04199050505050505,22.462986590842092,-0.0025583677452084147,-0.0015601734170834622,22.866641478798662,0.03651871811500544
2023-05-09,0.0284,0.02886,0.02774,0.02839,85774798.0,0.032471428571428575,0.038368,0.04173383838383839,22.449463044423098,-0.002886254292854211,-0.001825389592237612,24.955531481717937,0.034570768561359815
2023-05-10,0.0284,0.03272,0.02796,0.03129,415451280.0,0.03164285714285714,0.037905600000000005,0.04150262626262626,34.72291036096752,-0.0028789146445099834,-0.0020360946026920864,24.626942823777647,0.0440925515047402
2023-05-11,0.03128,0.03138,0.0277,0.02844,204386708.0,0.030715714285714287,0.0372788,0.0412159595959596,29.74126570317587,-0.0030677064910265006,-0.0022424169803589695,24.406690911922507,0.04573126858512373
2023-05-12,0.02846,0.03016,0.02754,0.03009,233891638.0,0.03009,0.0367328,0.040973434343434346,35.50990532835522,-0.0030490367811345787,-0.0024037409405140917,24.257032523973102,0.0471065610879314
2023-05-13,0.0301,0.03014,0.02906,0.02953,106118592.0,0.029708571428571424,0.0360336,0.04070515151515152,34.4753111096897,-0.0030443350223174417,-0.0025318597568747617,24.118064020877227,0.04708965762470343
2023-05-14,0.02952,0.0313,0.02886,0.03039,133945847.0,0.029504285714285712,0.0355156,0.04045010101010101,37.48750202179175,-0.0029373540429328757,-0.0026129586140863845,23.324578869892402,0.04804247074259199
2023-05-15,0.03039,0.03129,0.0297,0.03023,185695893.0,0.029765714285714284,0.0350292,0.04020959595959596,37.14537413251729,-0.0028328264489086916,-0.002656932181050846,22.587771229692212,0.04781491283921149
2023-05-16,0.03025,0.03287,0.02938,0.03239,231408496.0,0.030337142857142858,0.0347476,0.04001272727272727,44.5082705073359,-0.0025463409954833843,-0.002634813943937354,21.037826134049364,0.05108815274261775
2023-05-17,0.0324,0.03525,0.03152,0.03254,454181735.0,0.03051571428571429,0.0344108,0.03978040404040404,44.99018921439705,-0.0022809026374380967,-0.0025640316826375026,20.539652735481848,0.050612552205299303
2023-05-18,0.03256,0.03319,0.03052,0.0318,202694529.0,0.030995714285714286,0.0340792,0.0395750505050505,43.00592735125425,-0.0021059762584859434,-0.002472420597807191,19.565036187751733,0.0507083106156676
2023-05-19,0.03178,0.03193,0.03078,0.03111,116672726.0,0.03114142857142857,0.0337512,0.03943979797979798,41.182067890147515,-0.0019999686822871204,-0.002377930214703177,18.660035107716627,0.05053856990370664
2023-05-20,0.0311,0.03135,0.03057,0.03088,57498818.0,0.03133428571428572,0.033399200000000004,0.039304141414141416,40.564516945006304,-0.0019124702259229465,-0.0022848382169471312,17.704571564893758,0.0503038585094335
2023-05-21,0.03088,0.03096,0.02891,0.02947,102027545.0,0.031202857142857143,0.0330404,0.03914232323232324,36.910347097050625,-0.0019346014042595922,-0.0022147908544096237,16.917895245398608,0.05087276862996177
2023-05-22,0.02946,0.0303,0.02872,0.02999,88937321.0,0.03116857142857143,0.032664,0.039004444444444446,39.08957652241853,-0.0018884124254149731,-0.0021495151686106934,16.279557088460095,0.051119760773431874
2023-05-23,0.03,0.031,0.02967,0.03061,63920367.0,0.030914285714285717,0.032332400000000004,0.03888777777777778,41.676373618750105,-0.0017812454200476502,-0.002075861218898085,15.285723872973824,0.051571494173986834
2023-05-24,0.03062,0.03065,0.0284,0.02977,86619935.0,0.030518571428571426,0.0319484,0.0387420202020202,39.244601107204396,-0.0017439921204573244,-0.0020094873992099332,15.006100554416005,0.05044904878585093
2023-05-25,0.02975,0.03054,0.02875,0.02998,92985024.0,0.03025857142857143,0.031622,0.03854545454545455,40.1842663180342,-0.0016781783715423097,-0.0019432255936764086,14.746450330040886,0.05051609393880079
2023-05-26,0.02997,0.03043,0.02934,0.03013,54848446.0,0.03011857142857143,0.0313376,0.038386666666666666,40.887539339182354,-0.0015955245412351965,-0.0018736853831881665,14.505346550263992,0.048522987879183306
2023-05-27,0.03013,0.03079,0.0298,0.03015,48211261.0,0.030014285714285716,0.0310436,0.0382070707070707,40.98716665050469,-0.0015109892093280834,-0.0018011461484161498,14.029911648909517,0.04847305293303653
2023-05-28,0.03016,0.03174,0.02995,0.03124,87519777.0,0.030267142857142857,0.030809600000000003,0.038041313131313134,46.29920579155573,-0.0013405870067304503,-0.00170903432007901,13.10230915367146,0.042187873022120126
2023-05-29,0.03124,0.0315,0.0299,0.03011,79219107.0,0.030284285714285715,0.0306168,0.03786929292929293,42.07119332344693,-0.0012819461128806761,-0.0016236166786393435,12.207389868649035,0.043202667587409586
2023-05-30,0.03011,0.03046,0.02964,0.02998,71620713.0,0.03019428571428571,0.0304372,0.037685050505050506,41.60052912468799,-0.001231763690486911,-0.0015452460810088573,11.476862628701639,0.03648715011043542
2023-05-31,0.02997,0.03024,0.02877,0.02945,81522228.0,0.03014857142857143,0.0303272,0.03751636363636364,39.65284772396317,-0.0012206889870104674,-0.0014803346622091795,11.385384758758105,0.030141625725571157
2023-06-01,0.02945,0.0302,0.02888,0.02977,64430106.0,0.030118571428571432,0.0302452,0.03736010101010101,41.43568187912575,-0.0011725741738934717,-0.0014187825645460381,11.300441022381966,0.027248942977605467
2023-06-02,0.02978,0.03036,0.02939,0.03023,61670855.0,0.030132857142857145,0.030318400000000002,0.03721949494949495,43.996968820777674,-0.0010848195576463257,-0.0013519899631660958,11.083314046088594,0.027100811078135223
2023-06-03,0.03025,0.03091,0.02996,0.03007,56229121.0,0.030121428571428573,0.0303856,0.037106464646464644,43.28781950422201,-0.0010164668576504582,-0.0012848853420629684,10.409589156853285,0.02633760465503263
2023-06-04,0.03008,0.03029,0.02957,0.02966,74379024.0,0.029895714285714286,0.030320399999999997,0.03699828282828283,41.44437899852509,-0.0009840370572816101,-0.001224715685106697,10.09690939618515,0.026488331338321115
2023-06-05,0.02967,0.02969,0.02576,0.02643,195864774.0,0.02937,0.03024,0.036849292929292926,30.44472879447352,-0.001205078814174601,-0.0012207883109202778,11.948349328678948,0.03097904303977051
2023-06-06,0.02643,0.02808,0.02611,0.02763,138144199.0,0.029034285714285714,0.0301416,0.03671727272727272,37.12167127432733,-0.00126880009021128,-0.0012303906667784784,13.667543551708905,0.033227466639754975
2023-06-07,0.02764,0.02766,0.02565,0.02582,98091704.0,0.028515714285714287,0.0299932,0.03657909090909091,32.1141178082061,-0.0014486523709783539,-0.0012740430076184535,15.459407602728707,0.03554821386201146
2023-06-08,0.02583,0.02636,0.0256,0.02607,63786365.0,0.027987142857142853,0.0298204,0.03642232323232323,33.449469657826,-0.001553110398690695,-0.0013298564858329018,17.145074660465585,0.03568486754640491
2023-06-09,0.02605,0.0263,0.02532,0.02553,73891954.0,0.027315714285714283,0.029632400000000003,0.03627606060606061,31.985900455783494,-0.0016603283930671335,-0.0013959508672797484,18.837298232432428,0.0357937384904265
2023-06-10,0.02555,0.02561,0.01806,0.02111,284043445.0,0.026035714285714284,0.0291812,0.03611060606060606,23.08303028920639,-0.0020780025665179946,-0.0015323612071273978,22.305530089697875,0.050869549370100006
2023-06-11,0.02115,0.022,0.02081,0.02162,101327024.0,0.024887142857142858,0.0287444,0.0359750505050505,25.654370216277982,-0.00234087546518727,-0.0016940640587393722,25.52603110001579,0.05111126184618505
2023-06-12,0.02162,0.02188,0.02103,0.02172,106092947.0,0.024214285714285712,0.0283412,0.03582838383838383,26.17550769043922,-0.0025121761639716016,-0.0018576864797858182,28.516496323882425,0.050647521857385316
2023-06-13,0.02171,0.02297,0.02151,0.02217,89206646.0,0.023434285714285713,0.027983599999999997,0.03565959595959596,28.600925911822145,-0.0025818598890707638,-0.0020025211616428074,30.3651027431382,0.051201044301468004
2023-06-14,0.02217,0.02268,0.02084,0.02121,131144050.0,0.022775714285714285,0.027596799999999998,0.0355,26.593648085996264,-0.002683613692050779,-0.0021387396677244016,32.24088409213088,0.051386358119977965
2023-06-15,0.02121,0.02262,0.02111,0.02211,115128202.0,0.02221,0.027302399999999998,0.035383030303030305,31.450842378911886,-0.0026609579685502142,-0.002243183327889564,33.982681059052645,0.052844631788063465
2023-06-16,0.02212,0.02249,0.02129,0.02219,90870005.0,0.021732857142857144,0.0269904,0.035281010101010105,31.88230575207369,-0.002606501684114724,-0.002315846999134596,35.60006395690857,0.05289166812109916
2023-06-17,0.0222,0.02416,0.02208,0.02328,156526804.0,0.022042857142857142,0.026697199999999997,0.035184040404040405,37.6414628478082,-0.0024471812141539893,-0.0023421138421384747,35.6243660271953,0.053610612661739464
2023-06-18,0.02328,0.02358,0.02267,0.02297,104321030.0,0.022235714285714282,0.026425200000000003,0.03509787878787879,36.69133429198848,-0.0023191987238525107,-0.002337530818481282,35.64693223531869,0.05333646642517225
2023-06-19,0.02297,0.02346,0.02259,0.02319,116350971.0,0.022445714285714288,0.0261536,0.03497666666666666,37.88952622234429,-0.002174948069355885,-0.0023050142686562025,35.70121632100868,0.053531752760682165
2023-06-20,0.02319,0.02426,0.02283,0.02421,97720284.0,0.022737142857142855,0.025916800000000004,0.03483696969696969,43.25212164713218,-0.0019557779204556133,-0.0022351669990160845,35.04290972625543,0.05490268398098269
2023-06-21,0.02422,0.02576,0.0241,0.02554,131735150.0,0.023355714285714285,0.025732400000000002,0.03466010101010101,49.388291112500426,-0.0016556784827650266,-0.0021192692957658727,33.27459994105919,0.056567621338971016
2023-06-22,0.02554,0.02742,0.02478,0.02485,141682288.0,0.02374714285714286,0.025476799999999997,0.034525959595959596,46.57458433372673,-0.0014567324448847632,-0.001986761925589651,31.206219170979768,0.0565168728995383
2023-06-23,0.02486,0.02689,0.02478,0.02612,137906222.0,0.02430857142857143,0.025317199999999998,0.034386464646464644,51.995538701850684,-0.0011829515611337348,-0.0018259998526984678,29.28557988447744,0.058051981058585854
2023-06-24,0.02615,0.02718,0.02496,0.02655,203461000.0,0.024775714285714286,0.025179999999999998,0.03420909090909091,53.70823743565962,-0.0009206679449625978,-0.001644933471151294,27.680700220044848,0.05821463547381669
2023-06-25,0.02656,0.02815,0.02649,0.02682,155811495.0,0.025325714285714288,0.0250748,0.03401585858585859,54.798747890185226,-0.0006831446793588609,-0.0014525757127928076,26.762997764682673,0.05273104593305533
2023-06-26,0.02682,0.02689,0.02516,0.02561,98721255.0,0.02567142857142857,0.0249084,0.033805353535353536,49.204551789777106,-0.0005857900447193629,-0.0012792185791781188,24.98641861838923,0.05270790413753604
2023-06-27,0.02562,0.02623,0.02531,0.02563,78441027.0,0.025874285714285714,0.024724399999999997,0.03362888888888889,49.29668849632768,-0.0005012439344494503,-0.001123623650232385,23.33673798254532,0.05056980294092342
2023-06-28,0.02565,0.02565,0.02293,0.02342,113678485.0,0.02557142857142857,0.0244584,0.03342666666666667,40.544994988369695,-0.0006055882191730276,-0.0010200165640205136,22.914375567726147,0.05411992586514288
2023-06-29,0.02344,0.02457,0.02315,0.02414,125453804.0,0.02547,0.0242376,0.033260505050505054,44.031142057154845,-0.0006230022517151705,-0.0009406137015594451,22.522181896822627,0.054498152754347204
2023-06-30,0.02415,0.02577,0.02236,0.02459,168339344.0,0.02525142857142857,0.024164000000000005,0.03308010101010101,46.15613838848891,-0.0005936485478468742,-0.000871220670816931,21.321058012117373,0.036604597466632416
2023-07-01,0.02458,0.02548,0.02386,0.02545,117309983.0,0.025094285714285715,0.0240768,0.03293636363636364,50.05863695045572,-0.0004952814174902682,-0.0007960328201515984,20.20572869060535,0.03692955233252677
2023-07-02,0.02543,0.02567,0.02421,0.02514,129816209.0,0.024854285714285714,0.0240496,0.03280333333333333,48.688754986599655,-0.0004372982650172573,-0.0007242859091247302,19.03420369034908,0.03722069552998862
2023-07-03,0.02515,0.0263,0.02495,0.02584,139874302.0,0.024887142857142858,0.024040400000000003,0.032660808080808075,51.89028751489925,-0.00033104595735301834,-0.0006456379187703879,17.850526756819857,0.03738254666893981
2023-07-04,0.02583,0.02604,0.02471,0.02521,100301571.0,0.024827142857142857,0.024027599999999996,0.03253626262626262,48.93119604170018,-0.0002942836541134815,-0.0005753670658390067,16.576476338972444,0.03622786030153142
2023-07-05,0.02522,0.02568,0.02374,0.02422,107726942.0,0.024941428571428576,0.024152,0.032387373737373736,44.6246737822294,-0.00034110197887893615,-0.0005285140484469926,16.073252789642048,0.03689634986591339
2023-07-06,0.02423,0.02499,0.02326,0.02334,114940613.0,0.024827142857142857,0.0242208,0.03219969696969697,41.15715831374168,-0.00044409523071649304,-0.0005116302849008927,15.91794786172251,0.03805121861392163
2023-07-07,0.02334,0.02423,0.02304,0.02414,92061113.0,0.024762857142857142,0.024317599999999998,0.03203181818181818,45.3170968551795,-0.00045590937126481837,-0.0005004861021736779,15.916878170262072,0.03724505400145684
2023-07-08,0.02415,0.02459,0.02362,0.0241,87420847.0,0.024569999999999998,0.0243948,0.03185676767676768,45.14524273184577,-0.0004631607990874115,-0.0004930210415564246,15.5897024037528,0.037075614369238855
2023-07-09,0.02409,0.02463,0.02395,0.02409,71352741.0,0.024419999999999997,0.02451,0.03168090909090909,45.09919678836782,-0.00046436165223517206,-0.0004872891636921741,15.248579671640028,0.03705056178658652
2023-07-10,0.02411,0.02464,0.02335,0.0243,85434199.0,0.0242,0.0245976,0.03151646464646465,46.33701867825548,-0.00044325848416307614,-0.0004784830277863545,15.380678505748834,0.03579348908511133
2023-07-11,0.02432,0.02543,0.02423,0.02463,104956454.0,0.024117142857142858,0.024695199999999997,0.03136010101010101,48.30931023804058,-0.0003953484979622793,-0.00046185612182153953,14.743604136198426,0.03363084716683144
2023-07-12,0.02464,0.02494,0.02371,0.02409,83279381.0,0.024098571428571424,0.024727600000000002,0.031195050505050507,45.37073612584809,-0.0003963837110760454,-0.0004487616396724407,14.556206029387083,0.033444396412886164
2023-07-13,0.02409,0.02627,0.02367,0.02622,168897454.0,0.02451,0.0248576,0.03104030303030303,56.58798351116683,-0.0002227630522782728,-0.00040356192219360716,13.794588719075838,0.037320625301713053
2023-07-14,0.02623,0.02708,0.024,0.02531,215395353.0,0.02467714285714286,0.0249424,0.030888787878787877,51.70341042299379,-0.00015678945290932556,-0.0003542074283367509,13.675348958983156,0.037943078296679804
2023-07-15,0.02526,0.02605,0.02485,0.02573,98134347.0,0.024909999999999995,0.0250032,0.030745454545454545,53.690270220955135,-6.980968755861822e-05,-0.00029732788018112434,13.56462632461138,0.03807585197218347
2023-07-16,0.02572,0.02639,0.02473,0.02498,109389368.0,0.02503714285714285,0.024980799999999997,0.030597878787878785,49.75407969501833,-6.069665558802381e-05,-0.00025000163526250424,13.713055262266787,0.037269478990901786
2023-07-17,0.02495,0.028,0.02479,0.02787,274845655.0,0.025547142857142855,0.025101599999999998,0.030474848484848483,61.47464241260039,0.00017767619459507084,-0.00016446606929098925,14.87232421377376,0.04545058057382712
2023-07-18,0.02786,0.0289,0.02584,0.02621,224511777.0,0.025772857142857146,0.0251052,0.03032030303030303,53.72285785412079,0.0002299890977915664,-8.557503587447812e-05,16.412174053505648,0.042951057926127745
2023-07-19,0.0262,0.0272,0.02563,0.02573,112866889.0,0.02600714285714286,0.025072399999999998,0.03016,51.69304665327838,0.00023006343393934536,-2.2447341911713423e-05,17.620433331113855,0.04289415246509437
2023-07-20,0.02569,0.02692,0.02551,0.0265,115050525.0,0.026047142857142856,0.0250596,0.029986868686868687,54.652964193290615,0.0002889243704204923,3.982700055472773e-05,18.610958605303498,0.04316963862544319
2023-07-21,0.0265,0.0278,0.02635,0.02679,158622536.0,0.026258571428571426,0.025106800000000002,0.029821313131313133,55.75260198574275,0.0003548818064621796,0.00010283796173621811,20.011681536525263,0.042610760119682546
2023-07-22,0.0268,0.02725,0.0258,0.02619,72669475.0,0.026324285714285717,0.025129199999999997,0.029647575757575758,52.8946780398933,0.0003546503753670688,0.00015320044446238826,20.69978741850129,0.04286787524181881
2023-07-23,0.02619,0.02691,0.02596,0.02647,57669356.0,0.02653714285714286,0.0252512,0.029482121212121213,54.07772075588457,0.00037276363732539897,0.0001971130830349904,21.338742880336174,0.04251255166605077
2023-07-24,0.02647,0.0267,0.02422,0.02461,127390790.0,0.026071428571428572,0.025269999999999997,0.029285151515151518,45.84148573886833,0.00023433085239445844,0.00020455663690688403,20.214874447168455,0.045168599389821235
2023-07-25,0.0246,0.02468,0.02397,0.02408,67297941.0,0.025767142857142857,0.025249599999999997,0.029086565656565658,43.79466788014905,8.092247841843397e-05,0.00017982980520919403,18.96088833935682,0.044532022239372505
2023-07-26,0.02408,0.02413,0.02292,0.02343,123589073.0,0.02543857142857143,0.0251688,0.028848383838383836,41.35584859879334,-9.204331291228288e-05,0.00012545518158489866,18.238058784658275,0.04417150745783889
2023-07-27,0.02342,0.02389,0.02311,0.02366,80692509.0,0.02503285714285714,0.025109600000000003,0.02864959595959596,42.57445284570403,-0.0002081613167991686,5.8731881908085206e-05,17.566859912438193,0.043538573654116466
2023-07-28,0.02364,0.02378,0.02331,0.02365,57646398.0,0.024584285714285718,0.025022,0.02846030303030303,42.53306988505299,-0.0002975624729293601,-1.2526989059403858e-05,16.94360381680526,0.04353716563489904
2023-07-29,0.02364,0.02385,0.0234,0.02349,58479445.0,0.024198571428571427,0.0249532,0.02829929292929293,41.832437322217444,-0.00037697862120310635,-8.541731548814436e-05,16.29301884510962,0.043562998564701
2023-07-30,0.02345,0.02366,0.02239,0.02319,87030956.0,0.02373,0.024912,0.02811979797979798,40.48579513196574,-0.00045883482146085244,-0.00016010081668268598,16.515540161926047,0.043591727627616934
2023-07-31,0.02318,0.02336,0.02261,0.02296,67838394.0,0.023494285714285718,0.0248968,0.027946767676767677,39.437603169674304,-0.0005360858635834638,-0.00023529782606284154,16.722167098969873,0.043481625405398364
2023-08-01,0.02296,0.02353,0.02211,0.02349,101605872.0,0.023409999999999997,0.024870800000000002,0.027786969696969695,43.09380701678175,-0.0005482217414449521,-0.0002978826091392636,17.301137270990047,0.0435951535503616
2023-08-02,0.02349,0.02409,0.02285,0.02321,110595814.0,0.023378571428571433,0.024835199999999998,0.027620606060606064,41.66279718887367,-0.0005738185489837858,-0.00035306979710816806,17.169823310442855,0.03828869868520019
2023-08-03,0.02321,0.02373,0.0227,0.02271,67132917.0,0.023242857142857145,0.024779999999999996,0.027461717171717175,39.161941537700535,-0.0006272198249873337,-0.0004078998026840012,17.17579952580301,0.03786922394218796
2023-08-04,0.02273,0.02302,0.02206,0.02221,61114516.0,0.02303714285714286,0.0246964,0.027288080808080806,36.78408915333583,-0.0007017966671554951,-0.0004666791755783,17.705604457820748,0.0377081853411107
2023-08-05,0.0222,0.02463,0.02202,0.02438,126749636.0,0.023164285714285714,0.0246864,0.027141414141414143,50.75832092127456,-0.0005791227210803461,-0.0004891678846787092,16.473351053163487,0.04389012315892005
2023-08-06,0.02435,0.02607,0.02338,0.02349,159405055.0,0.02320714285714286,0.0246624,0.026981010101010103,46.24324743603134,-0.0005474081169350789,-0.0005008159311299832,16.392685261158253,0.03501142165875401
2023-08-07,0.02349,0.024,0.02249,0.02313,87784117.0,0.02323142857142857,0.0245388,0.026829393939393938,44.518233238597546,-0.0005450401721838367,-0.0005096607793407539,15.537086702411868,0.032912880028105225
2023-08-08,0.02309,0.0238,0.02295,0.02352,53952907.0,0.023235714285714287,0.0244672,0.026690808080808082,46.83211173381391,-0.0005058625496900254,-0.0005089011334106083,14.742602326433081,0.033143868299502895
2023-08-09,0.02351,0.02374,0.02307,0.0233,49299334.0,0.023248571428571427,0.02437,0.026547373737373738,45.67490571389208,-0.00048695287338074156,-0.0005045114814046349,14.004866834452779,0.032179486229236616
2023-08-10,0.02331,0.02345,0.02261,0.02277,36209553.0,0.023257142857142858,0.0242816,0.026402727272727272,42.92323023939205,-0.0005088674817038848,-0.0005053826814644849,13.119127188135968,0.03213138176855893
2023-08-11,0.02274,0.02292,0.02265,0.0229,24384917.0,0.023355714285714285,0.0240828,0.02628121212121212,43.81730591658304,-0.0005098676166385013,-0.0005062796684992881,12.296654659413216,0.03206548426485616
2023-08-12,0.02291,0.02321,0.02284,0.02306,24663148.0,0.02316714285714286,0.0239568,0.026165959595959597,44.96006355113214,-0.0004920772082067787,-0.0005034391764407863,11.59722014325207,0.03197328461556769
2023-08-13,0.02306,0.02322,0.0228,0.02288,27011805.0,0.023079999999999996,0.023842800000000004,0.026071818181818186,43.87877095089986,-0.00048689011090891424,-0.0005001293633344119,10.904023973221884,0.028238460973835915
2023-08-14,0.02288,0.02347,0.02267,0.02311,32229789.0,0.02307714285714286,0.023707199999999998,0.025983838383838383,45.676579480675464,-0.0004589299621893979,-0.0004918894831054091,10.53111326726126,0.028045967339234316
2023-08-15,0.02311,0.02312,0.0205,0.02162,68302220.0,0.022805714285714287,0.023500399999999998,0.025915353535353534,37.333002169240274,-0.0005506542905465948,-0.0005036424445936463,11.37599919595466,0.03092949168509407
2023-08-16,0.02159,0.02214,0.02004,0.02063,80024192.0,0.022424285714285713,0.023278000000000004,0.0258369696969697,33.01745450130895,-0.0006952171769740688,-0.0005419573910697308,12.477285902066468,0.032138753085872815
2023-08-17,0.02061,0.02089,0.0178,0.01922,91949108.0,0.021917142857142857,0.022987999999999998,0.0257150505050505,28.045036660887902,-0.0009130346272864902,-0.0006161728383130827,14.70512666972734,0.034945947361580784
2023-08-18,0.01919,0.01975,0.01889,0.01966,70682879.0,0.02145428571428571,0.022790000000000005,0.025626363636363635,31.511297296328408,-0.0010381846567074846,-0.0007005752019919631,16.773835953983866,0.03570013507442414
2023-08-19,0.01965,0.02036,0.01948,0.02009,25268912.0,0.02103,0.022630400000000002,0.025525353535353536,34.81606903982237,-0.0010901035155791196,-0.0007784808647093944,17.998457403125432,0.03630510832234878
2023-08-20,0.02007,0.02055,0.0198,0.02005,33554790.0,0.020625714285714285,0.0224952,0.02542959595959596,34.64858084605238,-0.0011215487353152566,-0.0008470944388305669,18.922729014867393,0.036309434896345076
2023-08-21,0.02006,0.0201,0.01884,0.01934,28048759.0,0.02008714285714286,0.0223224,0.0253179797979798,31.73070243156279,-0.0011900422979539346,-0.0009156840106552405,20.31380805335864,0.036187867080133544
2023-08-22,0.01934,0.0195,0.01849,0.01937,34822284.0,0.019765714285714286,0.022151200000000003,0.02520828282828283,31.991314013933405,-0.0012277504476229384,-0.0009780972980487801,21.784538666740225,0.03625708910126274
2023-08-23,0.01937,0.02007,0.01924,0.01991,45695246.0,0.01966285714285714,0.022008,0.025082222222222225,36.67713831714113,-0.0012002254885587899,-0.001022522936150782,22.479909252574153,0.03698978709114595
2023-08-24,0.0199,0.02014,0.01938,0.01959,31730625.0,0.019715714285714284,0.021863999999999998,0.024951414141414142,35.132347468615464,-0.0011905096318725328,-0.0010561202752951322,23.04358649461641,0.036877291704047944
2023-08-25,0.01958,0.01958,0.01893,0.01933,34482174.0,0.019668571428571428,0.021718799999999996,0.024825454545454546,33.88360770031238,-0.001190071172851987,-0.001082910454806503,23.850497703502448,0.02772673026239307
2023-08-26,0.01933,0.01941,0.01898,0.01908,13253839.0,0.019524285714285713,0.021542399999999996,0.024703939393939393,32.680766350073014,-0.0011961086061224799,-0.0011055500850696985,24.599772397468055,0.02708646447246684
2023-08-27,0.01908,0.01934,0.01902,0.01921,19685418.0,0.019404285714285714,0.021382400000000003,0.024586060606060604,33.99295720826967,-0.0011768375512076525,-0.0011198075782972894,25.29552747043612,0.02730823775558435
2023-08-28,0.01923,0.01953,0.0187,0.01945,31911493.0,0.01942,0.021252,0.024484848484848484,36.455525098900786,-0.001129182593069735,-0.0011216825812517786,26.16758232759465,0.02710828891353177
2023-08-29,0.01947,0.02061,0.019,0.02042,46638280.0,0.01957,0.0211804,0.024388181818181816,45.332628963089846,-0.0010015989923284063,-0.001097665863467104,25.513527435268315,0.030143703397251236
2023-08-30,0.02046,0.02078,0.0197,0.01994,29310155.0,0.019574285714285714,0.021002800000000002,0.024280404040404043,42.1915882430651,-0.0009285166955387211,-0.0010638360298814275,24.700236190936483,0.03016620334672612
2023-08-31,0.01995,0.01995,0.0186,0.01882,44737100.0,0.019464285714285712,0.020815999999999998,0.02416979797979798,35.93494841090997,-0.0009500218283042018,-0.0010410731895659823,24.843928433642194,0.032000633513778846
2023-09-01,0.01879,0.01891,0.01816,0.01857,23489980.0,0.019355714285714285,0.0206336,0.024054545454545453,34.69806928459195,-0.0009759871394075942,-0.0010280559795343047,25.28820274709665,0.031778946327925175
2023-09-02,0.01856,0.01884,0.01822,0.01852,21278996.0,0.019275714285714285,0.0204336,0.023937272727272727,34.442727173150786,-0.0009891965752930679,-0.0010202840986860574,25.70074318101865,0.0318204536583648
2023-09-03,0.01851,0.01855,0.01603,0.0166,163010677.0,0.01890285714285714,0.020165599999999995,0.023800404040404042,26.406618029244555,-0.0011414353461401718,-0.0010445143481768802,27.340769315389146,0.037667529988910986
2023-09-04,0.01662,0.01692,0.01566,0.01585,101487320.0,0.018388571428571428,0.019888799999999998,0.023644949494949493,24.04644475389793,-0.0013075319860216296,-0.0010971178757458301,29.026409234511238,0.036584477099795065
2023-09-05,0.01585,0.01652,0.01546,0.01641,90511100.0,0.017815714285714285,0.0196292,0.023506565656565656,29.139154032512295,-0.0013780916669997381,-0.0011533126339966118,30.679905883541966,0.03744834642319018
2023-09-06,0.01644,0.0165,0.01554,0.01606,57993745.0,0.017261428571428573,0.0193492,0.023365959595959596,27.880889088341647,-0.0014455889479142135,-0.0012117678967801322,32.215295629070496,0.03503654044123795
2023-09-07,0.01601,0.01623,0.0158,0.01612,31476455.0,0.016875714285714286,0.0190788,0.02323131313131313,28.45126999181622,-0.0014772111600504616,-0.0012648565494341982,33.641014678489846,0.034393695087610865
2023-09-08,0.01611,0.01628,0.01556,0.01598,34356764.0,0.016505714285714287,0.0187936,0.023092020202020204,27.896859554914784,-0.001496320173432989,-0.0013111492742339565,35.08915539281211,0.033605854004617616
2023-09-09,0.01599,0.01624,0.01584,0.01599,25615898.0,0.016144285714285715,0.0185684,0.022948181818181815,28.004776606577153,-0.0014934418201180688,-0.001347607783410779,36.43385748468278,0.033647131739821506
2023-09-10,0.01597,0.01598,0.0143,0.01465,83056214.0,0.015865714285714285,0.0183292,0.022792424242424243,23.030511229324787,-0.0015810620068927826,-0.00139429862810718,38.38375819622059,0.03708250756685772
2023-09-11,0.01464,0.01491,0.01366,0.01404,52932108.0,0.015607142857142858,0.018122,0.02263464646464647,21.185709990849233,-0.0016803534693870144,-0.001451509596363147,40.41986887673596,0.037439328055922594
2023-09-12,0.01403,0.0147,0.01389,0.01391,54963590.0,0.01525,0.017892,0.02250818181818182,20.803259182191454,-0.0017493669688410443,-0.0015110810708587265,42.31054308007167,0.03608283613301999
2023-09-13,0.01392,0.01464,0.01369,0.01408,65800558.0,0.014967142857142858,0.0176516,0.02237131313131313,22.766742279088263,-0.0017699403149222283,-0.0015628529196714271,44.13849693639424,0.036676305223695506
2023-09-14,0.0141,0.01463,0.01404,0.0144,56695117.0,0.014721428571428571,0.0174256,0.022255959595959593,26.462588856324658,-0.0017403617078357216,-0.0015983546773042862,45.835882660122344,0.03767242754045534
2023-09-15,0.0144,0.01479,0.01421,0.01474,40938432.0,0.014544285714285716,0.0172416,0.022141515151515155,30.280097038574354,-0.0016702318964963124,-0.0016127301211426915,47.081123459771256,0.038597521160987976
2023-09-16,0.01474,0.01503,0.01448,0.01485,44997056.0,0.014381428571428573,0.017060799999999997,0.022033636363636363,31.51872793919813,-0.001587477977110778,-0.001607679692336309,47.73981004903708,0.03861452583973192
2023-09-17,0.01485,0.01485,0.01384,0.0142,48084010.0,0.014317142857142858,0.0168324,0.021963838383838384,28.317309256651427,-0.0015564032200182862,-0.0015974243978727045,48.692162081051485,0.038780991258981865
2023-09-18,0.01419,0.01472,0.01403,0.0143,31557760.0,0.014354285714285714,0.0166208,0.02188989898989899,29.503656194798467,-0.0015063429035496005,-0.0015792080990080838,49.576488967921996,0.03610825049067107
2023-09-19,0.01431,0.01461,0.01422,0.01434,29604190.0,0.014415714285714285,0.0164212,0.021815353535353535,30.002682553742886,-0.0014467646737972156,-0.0015527194139659103,50.39764964858747,0.03633753817687359
2023-09-20,0.01433,0.0144,0.01354,0.0139,52929205.0,0.01439,0.016214,0.021731818181818182,27.681428085931955,-0.0014186989419536413,-0.0015259153195634565,51.51197633851542,0.035274903434235866
2023-09-21,0.0139,0.0141,0.01295,0.01313,70280910.0,0.014208571428571428,0.0159708,0.02165020202020202,24.158842736356135,-0.0014419671128231629,-0.001509125678215398,52.803491020138765,0.03644096019238256
2023-09-22,0.01312,0.01366,0.01299,0.01346,44384938.0,0.014025714285714284,0.0157312,0.021562828282828284,28.36610419446005,-0.0014174397012500176,-0.0014907884828223219,54.002754653074724,0.03751241019063841
2023-09-23,0.01349,0.01364,0.01319,0.01343,39817005.0,0.013822857142857142,0.0154516,0.02147434343434343,28.212877675723107,-0.0013844630716556734,-0.0014695234005889922,55.11635659794383,0.03124605622068774
2023-09-24,0.01343,0.01349,0.01315,0.01327,32552063.0,0.013689999999999999,0.0151848,0.021373232323232325,27.363901182399943,-0.001355612856769441,-0.001446741291825082,56.16968753137662,0.030144321149880842
2023-09-25,0.01326,0.01354,0.01308,0.01352,35065893.0,0.013578571428571428,0.014972800000000001,0.021277777777777777,30.86459018809957,-0.0012976178125506613,-0.001416916595970198,57.1831864579175,0.029092288040929653
2023-09-26,0.01353,0.01365,0.01306,0.01334,35222068.0,0.013435714285714287,0.014763599999999998,0.021178282828282827,29.752742732331342,-0.0012517514068231192,-0.001383883558140782,57.79476175743217,0.028971748319688028
2023-09-27,0.01333,0.01352,0.0131,0.01328,33682991.0,0.013347142857142858,0.014554000000000001,0.021067878787878785,29.3729076623886,-0.0012063375401497097,-0.0013483743545425677,58.3626531069815,0.02884207753282434
2023-09-28,0.01329,0.01364,0.01328,0.01347,35590136.0,0.013395714285714287,0.014428799999999999,0.020945959595959598,32.31949083675475,-0.0011418527438654194,-0.0013070700324071382,58.49778756628509,0.02931948348618536
2023-09-29,0.01347,0.01491,0.0134,0.01435,96129935.0,0.013522857142857142,0.014368800000000001,0.020839898989898988,43.97748278104417,-0.0010081184704932213,-0.0012472797200243548,55.485914115301796,0.03359029253622839
2023-09-30,0.01435,0.01471,0.01408,0.01424,39881948.0,0.013638571428571429,0.014282,0.020719898989898993,42.980861971761165,-0.0009006273050820319,-0.0011779492370358902,52.68917448224588,0.028025078265704082
2023-10-01,0.01424,0.01532,0.0142,0.01507,46455626.0,0.013895714285714287,0.014242400000000002,0.020603939393939393,51.84800923731933,-0.0007399361948016749,-0.0010903466285890472,48.99157952994582,0.02928607780970139
2023-10-02,0.01509,0.01566,0.01442,0.01476,60392223.0,0.014072857142857142,0.014188000000000001,0.020482121212121212,48.795801993312544,-0.000630335624698242,-0.0009983444278108863,45.9571953608244,0.029661447709867898
2023-10-03,0.01477,0.01638,0.01473,0.01536,121729059.0,0.01436142857142857,0.0141632,0.020378585858585856,54.39204738353339,-0.0004894196723414408,-0.0008965594767169972,44.099887203617875,0.030767714383768296
2023-10-04,0.01535,0.01615,0.01479,0.01567,87255474.0,0.014702857142857143,0.0141504,0.0202779797979798,57.006547297225644,-0.00034870865927167857,-0.0007869893132279335,42.37524391478325,0.030694877208943535
2023-10-05,0.01567,0.01578,0.0142,0.01443,69450918.0,0.01484,0.0141416,0.020187171717171718,45.717126621838936,-0.00033340847912560756,-0.0006962731464074684,39.74356846268326,0.035570267612996226
2023-10-06,0.01445,0.01481,0.01433,0.01463,31507878.0,0.01488,0.0141652,0.02009111111111111,47.522283061152436,-0.00030166721571628537,-0.0006173519602692318,37.29986982859042,0.03567384734400004
2023-10-07,0.01463,0.01501,0.01447,0.01462,25545290.0,0.014934285714285714,0.014193599999999999,0.01999040404040404,47.43734017086596,-0.00027415862226777034,-0.0005487132926689396,35.33529083134295,0.034169392407674436
2023-10-08,0.01461,0.01474,0.01408,0.01437,37596541.0,0.014834285714285715,0.0142052,0.01987848484848485,45.259317336492174,-0.00026942501062271994,-0.0004928556362596957,32.83202865674054,0.034408130818390247
2023-10-09,0.01435,0.01454,0.01313,0.01338,39622618.0,0.014637142857142857,0.014164399999999999,0.01975969696969697,37.84843533639904,-0.0003416203290133764,-0.0004626085748104319,31.792070015101608,0.03776111942796043
2023-10-10,0.01334,0.01363,0.01318,0.01337,15630287.0,0.014352857142857143,0.0141096,0.019633737373737373,37.78113977144043,-0.0003950882242879563,-0.0004491045047059368,30.826394133579736,0.03718554490544777
2023-10-11,0.01337,0.01343,0.01278,0.01322,28087145.0,0.014002857142857142,0.014044400000000002,0.019512626262626263,36.726287871255906,-0.0004444424074884056,-0.0004481720852624306,30.413578780535577,0.0350526081832829
2023-10-12,0.01321,0.01371,0.01317,0.01352,22027034.0,0.013872857142857143,0.014017199999999999,0.019404545454545456,40.31544969038569,-0.00045411372016695116,-0.0004493604122433348,29.504951976188174,0.034968071179426685
2023-10-13,0.01358,0.0138,0.01344,0.01363,15106809.0,0.013730000000000001,0.0139904,0.019306464646464645,41.62302710283717,-0.0004477409455399782,-0.0004490365189026635,28.49350148498483,0.03499747103131522
2023-10-14,0.01365,0.01374,0.01349,0.01353,9156524.0,0.013574285714285716,0.013958,0.01919929292929293,40.74902061371302,-0.0004456227780055694,-0.0004483537707232447,27.55429745743887,0.03492121341752656
2023-10-15,0.01353,0.01384,0.01345,0.01366,13836439.0,0.013472857142857144,0.013948400000000001,0.019093838383838383,42.44110295925242,-0.00042851455241017106,-0.00044438592706062997,26.475665622519728,0.034741296745458464
2023-10-16,0.01365,0.01432,0.01355,0.01381,25820091.0,0.013534285714285712,0.0139756,0.01899,44.41364710361073,-0.0003982615032695012,-0.00043516104230240424,24.616390792095988,0.0346355637621602
2023-10-17,0.0138,0.01389,0.01298,0.01321,19931201.0,0.013511428571428572,0.0139656,0.018877979797979796,38.70049871438996,-0.00041788362712487717,-0.00043170555926689885,23.744073357890752,0.036102387735957364
2023-10-18,0.01318,0.01336,0.01288,0.01295,21216695.0,0.013472857142857144,0.013946400000000001,0.01876,36.50888305828229,-0.00044923562014974674,-0.00043521157144346846,23.081722548975108,0.03621121969233775
2023-10-19,0.01295,0.01296,0.01252,0.01267,12092748.0,0.013351428571428571,0.013922400000000001,0.018644646464646464,34.25884474515617,-0.0004910158355378967,-0.00044637242426235415,22.978779120708968,0.03284942498135569
2023-10-20,0.0127,0.01324,0.01261,0.01292,20356240.0,0.01325,0.0138984,0.01851030303030303,37.93668607479885,-0.0004982109805224833,-0.00045674013551438,22.31317125193413,0.03333021960804461
2023-10-21,0.01295,0.0136,0.01283,0.01351,20509212.0,0.013247142857142857,0.0139052,0.01839111111111111,45.66262074968717,-0.00045110505729932526,-0.0004556131198713691,21.019043161175382,0.03218230257161011
2023-10-22,0.01347,0.01427,0.01332,0.01424,29199076.0,0.01333,0.0139436,0.018275050505050502,53.39333513654418,-0.00035082429058830994,-0.0004346553540147573,20.282522761456903,0.03451511712126513
2023-10-23,0.01425,0.01478,0.01384,0.01475,58215902.0,0.013464285714285715,0.0139948,0.018171717171717172,57.89981039890795,-0.0002275749800245419,-0.00039323927921671424,20.267948160812896,0.03422208677732455
2023-10-24,0.01476,0.01577,0.01441,0.01505,73874697.0,0.013727142857142856,0.0140228,0.018042222222222223,60.32971934586555,-0.0001044870588703152,-0.0003354888351474345,21.281492688430156,0.03422731919440359
2023-10-25,0.01508,0.01693,0.01482,0.016,45583287.0,0.014162857142857144,0.014093200000000002,0.017939090909090908,66.85389297700468,6.892355808949674e-05,-0.0002546063565000483,23.08883688690459,0.03193908824535629
2023-10-26,0.01598,0.0205,0.01596,0.01859,267194376.0,0.015008571428571428,0.014234,0.017866969696969697,77.64717454330075,0.0004106108100313498,-0.00012156292319376869,26.217404255244155,0.04736290222885895
2023-10-27,0.01861,0.01861,0.01685,0.01753,50038025.0,0.015667142857142855,0.0143448,0.017776363636363635,67.90190763073522,0.000589076767421334,2.0565014929251835e-05,29.12250252584517,0.0498342839268309
2023-10-28,0.01753,0.01864,0.01753,0.01807,23388837.0,0.01631857142857143,0.0144532,0.017688282828282827,69.96967060824818,0.0007652643207334726,0.000169504876090096,31.828823217826077,0.04960141250044852
2023-10-29,0.01807,0.02193,0.01759,0.02078,114684540.0,0.017252857142857143,0.0146576,0.017633636363636365,77.72498955597624,0.0011107643773656754,0.0003577567763452119,35.057174548255524,0.05456150800460535
2023-10-30,0.02079,0.02138,0.01952,0.01989,87099187.0,0.017987142857142858,0.014876,0.017567171717171717,71.21999543698315,0.0012977998704266254,0.0005457653951614946,38.05492935508287,0.05633196547233159
2023-10-31,0.01989,0.02059,0.01828,0.01914,69420826.0,0.018571428571428572,0.015056400000000001,0.01751191919191919,66.19250779998995,0.0013697188479481516,0.000710556085718826,39.35720070397123,0.0574416893320707
2023-11-01,0.01914,0.01985,0.01815,0.01968,60810765.0,0.019097142857142858,0.0152588,0.01746747474747475,67.94693676937845,0.001453533216684979,0.0008591515119120566,40.42072387465648,0.05746777437362254
2023-11-02,0.0197,0.02039,0.01775,0.01827,37715344.0,0.019051428571428573,0.0154148,0.017415353535353537,59.294346192751014,0.0013901566313171375,0.0009653525357930728,41.58859702788129,0.06102520495987201
2023-11-03,0.01828,0.01868,0.01754,0.01859,23451337.0,0.019202857142857143,0.015623199999999999,0.017364141414141415,60.523017647073246,0.0013501874361563845,0.0010423195158657352,42.42014146463284,0.060767980052099276
2023-11-04,0.01862,0.01985,0.01843,0.01958,27698446.0,0.019418571428571427,0.0158716,0.017323030303030305,64.13028898596534,0.001382460147228086,0.0011103476421382053,43.590969310837515,0.06124446324298181
2023-11-05,0.01962,0.02083,0.0192,0.02039,37484586.0,0.019362857142857143,0.0161584,0.017291717171717173,66.80309230657755,0.0014566058878429135,0.001179599291279147,44.96409324938366,0.06138914034111924
2023-11-06,0.0204,0.02246,0.01984,0.0213,42908426.0,0.019564285714285718,0.0164696,0.017272626262626264,69.54839577012675,0.0015706903753577445,0.0012578175080948666,46.63295884272821,0.05962721255778564
2023-11-07,0.02131,0.02131,0.01954,0.02084,60509576.0,0.019807142857142856,0.016758,0.017251212121212122,66.55229189741596,0.0016054780464835189,0.001327349615772597,47.839358592123766,0.05970553015469589
2023-11-08,0.02083,0.023,0.02065,0.02262,62562930.0,0.020227142857142857,0.0171216,0.01724242424242424,71.64298698837102,0.0017564316002546196,0.0014131660126690017,49.34424117721822,0.06003707974405046
2023-11-09,0.02267,0.02611,0.02,0.02392,133774135.0,0.02103428571428571,0.017532,0.01724959595959596,74.67460813954244,0.0019583874432347707,0.0015222102987821557,51.24432469272444,0.06025538046015358
2023-11-10,0.02391,0.02533,0.02276,0.02522,35112763.0,0.021981428571428572,0.0179884,0.017274949494949496,77.28934931908861,0.002198000853623955,0.0016573684097505156,53.00868795712307,0.06038306811769668
2023-11-11,0.0253,0.02572,0.02302,0.02464,48949268.0,0.022704285714285715,0.0184456,0.01729949494949495,73.63647405649169,0.002314415909015776,0.0017887779096035679,54.70178419965841,0.06144300190010669
2023-11-12,0.02458,0.0251,0.02317,0.02435,22108231.0,0.023269999999999996,0.018901599999999998,0.01729919191919192,71.80901010479096,0.0023561152725391048,0.0019022453821906755,56.27394499629837,0.06210404137263761
2023-11-13,0.02428,0.02521,0.02203,0.02207,23237287.0,0.02338,0.019277600000000002,0.017284848484848486,59.34016770339811,0.0021800550556694727,0.001957807316886435,56.50304032880372,0.06773462025001833
2023-11-14,0.02211,0.02335,0.02071,0.02304,16911456.0,0.023694285714285716,0.0196824,0.017283939393939393,62.33649659190238,0.002094651124439198,0.0019851760783969876,55.48084794987894,0.06724756875305868
2023-11-15,0.02302,0.02524,0.02266,0.02417,29306177.0,0.023915714285714287,0.020108800000000003,0.01729050505050505,65.52387574811718,0.0020940109945643166,0.0020069430616304535,55.123037725752276,0.058986854143177836
2023-11-16,0.02411,0.0255,0.02267,0.02343,19914225.0,0.023845714285714286,0.0204764,0.017291818181818183,61.833466199809074,0.0020106147561203026,0.0020076774005284236,54.86428850589294,0.05757245251035856
2023-11-17,0.02344,0.02684,0.02312,0.02605,34024149.0,0.023964285714285712,0.0209284,0.017324949494949494,68.5806998450883,0.0021313656831955553,0.00203241505706185,54.98220455071423,0.061381424499815415
2023-11-18,0.02609,0.02612,0.02316,0.02346,22856840.0,0.023795714285714285,0.0212648,0.01733060606060606,57.71800674063712,0.0019950723561668153,0.002024946516882843,55.091698020905426,0.058915731516099634
2023-11-19,0.02344,0.02477,0.02258,0.02458,13796795.0,0.023828571428571428,0.021608000000000002,0.017345959595959595,60.62260156548098,0.0019548986970284385,0.002010936952911962,54.64174840033168,0.05830173096448039
2023-11-20,0.02454,0.02674,0.02449,0.0256,35556243.0,0.024332857142857146,0.0218884,0.017373434343434344,63.108177575453496,0.0019825130814980496,0.0020052521786291795,54.78315838558423,0.057411589233431475
2023-11-21,0.02561,0.02713,0.02264,0.02265,56942265.0,0.024277142857142858,0.022093200000000004,0.017368787878787876,52.739516072834014,0.0017462279060084483,0.0019534473241050333,53.41633291131502,0.06437387794180299
2023-11-22,0.02264,0.02538,0.02257,0.02538,19936654.0,0.02445,0.022385600000000002,0.017406767676767677,59.38923834128887,0.0017589819376788926,0.0019145542468198052,52.09455314910441,0.06601537084842989
2023-11-23,0.02539,0.02568,0.02392,0.02403,11152923.0,0.02453571428571429,0.0225156,0.017441111111111112,55.2493527246861,0.0016412367267348918,0.0018598907428028226,50.98079591851781,0.06794529938177132
2023-11-24,0.02411,0.02523,0.02395,0.0245,17805732.0,0.024314285714285715,0.0227,0.017494444444444444,56.38914052684014,0.0015677755303914777,0.0018014677003205537,49.94659277583026,0.067365501839271
2023-11-25,0.02445,0.02705,0.0242,0.02635,38486627.0,0.024727142857142857,0.0229884,0.0175620202020202,60.638777358917565,0.0016399324217988703,0.001769160644616217,49.651668980599766,0.06853279654623172
2023-11-26,0.02639,0.02755,0.02529,0.02716,40405389.0,0.025095714285714287,0.0232876,0.017633434343434343,62.367853569081475,0.0017423922948753313,0.00176380697466804,49.53880737251378,0.06828830607309302
2023-11-27,0.02725,0.02791,0.02605,0.02734,61566799.0,0.025344285714285715,0.023650399999999995,0.017707070707070706,62.75935639664525,0.0018171697761189924,0.0017744795349582305,49.549909794454365,0.06779385742850866
2023-11-28,0.0273,0.02745,0.02512,0.02625,31879294.0,0.02585857142857143,0.0239568,0.017776868686868688,58.77199996702897,0.0017680960673940108,0.0017732028414453867,48.705042983919206,0.06681072205085208
2023-11-29,0.0263,0.0267,0.02488,0.02504,27263330.0,0.02581,0.0241752,0.017834141414141413,54.62315759179555,0.0016129745455451608,0.0017411571822653416,47.70661999290551,0.06691899007580396
2023-11-30,0.02506,0.02544,0.02458,0.02516,19131530.0,0.025971428571428572,0.024366,0.017887171717171718,54.96271190879969,0.0014826317629508153,0.0016894520984024365,46.50583746215271,0.06588272126482886
2023-12-01,0.02521,0.02634,0.025,0.02605,10795929.0,0.02619285714285714,0.024556,0.017952424242424242,57.502689441616276,0.0014346124117677744,0.0016384841610755042,45.8061784266722,0.0660122060901672
2023-12-02,0.02602,0.0268,0.02577,0.0265,19423271.0,0.026214285714285714,0.0247824,0.018024848484848484,58.76885424613342,0.0014165389894817103,0.0015940951267567455,45.35661020683837,0.06594637690166229
2023-12-03,0.02649,0.02716,0.02614,0.02667,15619850.0,0.02614428571428571,0.0249444,0.01810151515151515,59.26264472560038,0.0013997972598902737,0.0015552355533834513,45.09454941503801,0.06161774840636945
2023-12-04,0.02663,0.02957,0.02608,0.02938,22770225.0,0.026435714285714285,0.0251628,0.018204242424242425,66.20988118016362,0.0015869107508384057,0.0015615705928744424,45.708839867782714,0.06450605206187385
2023-12-05,0.02934,0.03196,0.02911,0.03032,30926266.0,0.027017142857142854,0.025366800000000002,0.018314040404040405,68.23351381530532,0.0017904109417426275,0.0016073386626480797,46.87548071618364,0.06413296120588408
2023-12-06,0.03042,0.03074,0.02836,0.0289,10235638.0,0.027568571428571432,0.025537200000000003,0.01839969696969697,62.17580305398557,0.0018161685164767918,0.001649104633413822,47.2941695658891,0.06481702164112102
2023-12-07,0.02904,0.03244,0.02846,0.03155,21563382.0,0.02848142857142857,0.025825200000000003,0.018516969696969695,67.90272397650327,0.002027047886807243,0.0017246932840925063,48.09797348683104,0.06333374318745032
2023-12-08,0.03167,0.03358,0.0306,0.03295,16408468.0,0.02946714285714286,0.026260400000000003,0.01865969696969697,70.44837939983871,0.002280847417558369,0.0018359241107856789,49.08579885551863,0.05801290637664104
2023-12-09,0.033,0.03511,0.03193,0.03237,17775078.0,0.030305714285714287,0.0266336,0.01879909090909091,68.04077390044118,0.0024074328343285274,0.0019502258554942487,50.2897781460117,0.058132702022056115
2023-12-10,0.03241,0.03465,0.03155,0.03459,6345598.0,0.03143714285714286,0.0270504,0.018961414141414144,71.98701306653325,0.0026562683279880116,0.0020914343499930012,51.08267862753181,0.05907899623149631
2023-12-11,0.03443,0.03464,0.02879,0.03059,5940175.0,0.03161,0.027336799999999998,0.01910272727272727,58.07298181378511,0.0025018657281145294,0.002173520625617307,49.78275620444303,0.059126805118688744
2023-12-12,0.0306,0.03233,0.02974,0.03054,10442587.0,0.03164142857142858,0.0275164,0.01925111111111111,57.92227284021788,0.002348395135870464,0.0022084955276679384,48.57568538300345,0.053927586358455265
2023-12-13,0.03061,0.03061,0.02908,0.02957,176696.0,0.03173714285714286,0.0277608,0.019384040404040407,54.943302627659975,0.0021240133882619167,0.0021915990997867342,47.011586223681874,0.05279258748623544
